26-02-2026/6u7UXUec5Xc_6u7UXUec5Xc
26-02-2026/cJeYHxCuID0_cJeYHxCuID0
26-02-2026/JKJag23tXmU_JKJag23tXmU
26-02-2026/o5QmdrkVsS4_o5QmdrkVsS4
26-02-2026/OaoxLCVRrOo_OaoxLCVRrOo
26-02-2026/OGxzVnXkseg_OGxzVnXkseg
26-02-2026/Ors91fgmj5w_Ors91fgmj5w
26-02-2026/Pi1rFp5kUFY_Pi1rFp5kUFY
26-02-2026/Rtb5UjKMJq4_Rtb5UjKMJq4
26-02-2026/y3033DESCtM_y3033DESCtM
fansion/1
fansion/27-02-2026/30 pieces of Royal jewellery gifted to Kate Middleton
fansion/27-02-2026/jewelry kate middleton inherited from princess diana
fansion/27-02-2026/prince william kate middleton most romantic moments anniversary engagement
fansion/27-02-2026/the princessof wales best jewellery moments
02-03-2026/1 MINUTE AGO BREAKING  Harry & Meghan Reportedly Snubbed by Jordan Royals
02-03-2026/5 MINUTES AGO Princess Anne CONFIRMS Meghans Secret Past With Markus - Ha
02-03-2026/5 MINUTES AGO Princess Anne REVEALS Why Prince Philip Left The Queen - Th
02-03-2026/Arrested next Sarah Ferguson REFUSING to return to UK & hiding in Middle 
02-03-2026/BREAKING Custody Battle ENDS – Then Harry Reveals What Meghan & Andrew Did Behind Closed Doors
02-03-2026/Ex-Prince Andrew death fears as calls for King Charles to do more grow He
02-03-2026/fashion/13 Times William and Kate Showed Their Love in the Most Subtle Ways
02-03-2026/fashion/22 Chic Fall Outfits Kate Middleton Wore That You’ll Want to Copy This Autumn
02-03-2026/HARRY & MEGHAN CONDEMNED! King Charles MOVES to Remove Titles
02-03-2026/Harry and Meghan Want Andrews Daughters as Their Next Puppets to Destroy 
02-03-2026/King Charles Speaks Out on Prince Louis' HEALTH UPDATE
02-03-2026/new-project/[English (auto-generated)] 1 MIN AGO Princess Charlotte SURPRISES Everyone by Saying Goodbye to Kens
02-03-2026/new-project/[English (auto-generated)] 5 MIN AGO Palace CONFIRMS Tragic News About Sarah Fergusons Future - Hidd
02-03-2026/new-project/[English (auto-generated)] At 41, Pippa Middleton Admits the ACTUAL Reason She Divorced Husband [Dow
02-03-2026/new-project/[English (auto-generated)] Before His Death, Prince Phillip FINALLY Admitted Why He REFUSED To Live 
02-03-2026/new-project/Buckingham Palace Trembles After Prince Andrew Reads Out Late Queen's LAS
02-03-2026/new-project/Carole Middleton GOES NUTS After Camilla Caught Bullying Her Granddaughte
02-03-2026/new-project/Carole Middleton's UNEXPECTED DECISION Leaves Queen Camilla in Tears!
02-03-2026/new-project/Catherine & William SHOCK the World With Their FIRST Appearance as King &
02-03-2026/new-project/Catherine GOES NUTS After Camilla Caught Bullying Her Daughter Princess C
02-03-2026/new-project/Fans Stuns Over Princess Charlotte's Growing Transition To Being Princess
02-03-2026/new-project/FBI Opened Princess Dianas Tomb, What They Found Will Shock You!
02-03-2026/new-project/He bullied Princess Charlotte. What happens next will leave you speechles
02-03-2026/new-project/King Charles I RESIGN!
02-03-2026/new-project/King Charles is FURIOUS! Kicks Camilla OUT of the PALACE and forced her t
02-03-2026/new-project/Meghan's FIRST Husband Joe Guiliano REVEALS Why His Family Rejected Megha
02-03-2026/new-project/Prince Edward Finally speaks out I Tried To Warn Her
02-03-2026/new-project/Prince William Becomes Owner of Queens Private Estate, Leaving Camillas F
02-03-2026/new-project/Prince William KICKS OUT Camilla Of His Mother's Awards!
02-03-2026/new-project/Princess Anne & King Charles We Cant Keep This Hidden Any Longer
02-03-2026/new-project/Princess Anne JUST Revealed Why Prince Philip Didn't Live With the Queen!
02-03-2026/new-project/Princess Anne Reveals The Kings Final Wish, Prince William and Harry Are 
02-03-2026/new-project/Princess Charlotte FINALLY Gets Rare Royal Title From King Charles at Fre
02-03-2026/new-project/Princess Diana's Brother Breaks Silence on Diana, Leaving Everyone Speech
02-03-2026/new-project/Princess Dianas Lost Letter to Prince William Finally Revealed
02-03-2026/new-project/Princess Dianas Lost Letter to Princess Anne Finally Revealed
02-03-2026/new-project/Queen Camilla KICKED OUT Of Royal Family After Prince Harry REVEALED This
02-03-2026/new-project/Queen Camilla Sentence Is Final, Goodbye Forever
02-03-2026/new-project/Queen Camilla STUNS Entire UK With This Announcement
02-03-2026/new-project/Royal Prince William FINALLY Takes LEGAL Action Against Camilla!
02-03-2026/new-project/They Opened Camilla's Garage And What They Found Inside Will SHOCK You
02-03-2026/new-project/William FURIOUS After Camilla FORCES Kate to Lend Her Royal Tiara
02-03-2026/new-project/William STRIPS Royal Title After Camillas Granddaughter CAUGHT Bullying P
02-03-2026/new-project/With One Gesture, Catherine Calms Anger at State Banquet, Turning Emir’s Demands Into Praise
02-03-2026/Panicking Prince Harry & Meghan Markle plot to SUE British Royal Family w
02-03-2026/Paul Burrell REVEALS Prince Andrews Hidden Palace Secrets (This Is Insane
02-03-2026/Prince Harry LOSING IT After Tom Bower DROPS BOMBSHELL On Lilibets Story 
02-03-2026/Prince William Becomes Owner of Queens Private Estate, Leaving Camillas F
02-03-2026/Straight to hell Meghan Markle's fake reaction to amputee on pretend royal tour after ignoring dad
02-03-2026/Where Is Prince Louis Palace FINALLY Breaks Silence On Why He Vanished Fr
02-03-2026/Arrested next Sarah Ferguson REFUSING to return to UK & hiding in Middle 
02-03-2026/Harry and Meghan Want Andrews Daughters as Their Next Puppets to Destroy 
02-03-2026/new-project/[English (auto-generated)] Before His Death, Prince Phillip FINALLY Admitted Why He REFUSED To Live 
02-03-2026/new-project/[English (auto-generated)] Buckingham Palace Trembles After Prince Andrew Reads Out Late Queen's LAS
02-03-2026/new-project/[English (auto-generated)] Carole Middleton's UNEXPECTED DECISION Leaves Queen Camilla in Tears! [Do
02-03-2026/new-project/King Charles KICKS OUT Camilla After She Claims The Late Queens Property 
02-03-2026/new-project/Princess Anne Reveals The Kings Final Wish, Prince William and Harry Are 
02-03-2026/Prince Harry LOSING IT After Tom Bower DROPS BOMBSHELL On Lilibets Story 
02-03-2026/Arrested next Sarah Ferguson REFUSING to return to UK & hiding in Middle 
02-03-2026/Harry and Meghan Want Andrews Daughters as Their Next Puppets to Destroy 
02-03-2026/new-project/[English (auto-generated)] Before His Death, Prince Phillip FINALLY Admitted Why He REFUSED To Live 
02-03-2026/new-project/King Charles KICKS OUT Camilla After She Claims The Late Queens Property 
02-03-2026/new-project/Princess Anne Reveals The Kings Final Wish, Prince William and Harry Are 
02-03-2026/Prince Harry LOSING IT After Tom Bower DROPS BOMBSHELL On Lilibets Story 
09-03-2026/Princess Kate's Commonwealth Day mermaid outfit - with glittering nod to Princess Diana
02-03-2026/Arrested next Sarah Ferguson REFUSING to return to UK & hiding in Middle 
02-03-2026/Harry and Meghan Want Andrews Daughters as Their Next Puppets to Destroy 
02-03-2026/new-project/[English (auto-generated)] Before His Death, Prince Phillip FINALLY Admitted Why He REFUSED To Live 
02-03-2026/new-project/King Charles KICKS OUT Camilla After She Claims The Late Queens Property 
02-03-2026/new-project/Princess Anne Reveals The Kings Final Wish, Prince William and Harry Are 
02-03-2026/Prince Harry LOSING IT After Tom Bower DROPS BOMBSHELL On Lilibets Story 
10-03-2026/fashion/13 Surprisingly Chic Colour Combos Kate Middleton Approves Of
10-03-2026/fashion/From Smouldering Scarlet to Lovely Lace! Kate Middleton’s Most Romantic Outfits To Date
02-03-2026/Arrested next Sarah Ferguson REFUSING to return to UK & hiding in Middle 
02-03-2026/Harry and Meghan Want Andrews Daughters as Their Next Puppets to Destroy 
02-03-2026/new-project/[English (auto-generated)] Before His Death, Prince Phillip FINALLY Admitted Why He REFUSED To Live 
02-03-2026/new-project/King Charles KICKS OUT Camilla After She Claims The Late Queens Property 
02-03-2026/new-project/Princess Anne Reveals The Kings Final Wish, Prince William and Harry Are 
02-03-2026/Prince Harry LOSING IT After Tom Bower DROPS BOMBSHELL On Lilibets Story 
10-03-2026/1 MIN AGO King Charles Removes Camillas Family From Royal Line Of Success
10-03-2026/1 MIN AGO Royal Family Just Made A Huge Announcement
10-03-2026/2 MIN AGO Charles Strips Camilla Of  Royal Title During Private Family Me
10-03-2026/Bravo, Princess Anne! She Exposes Camillas Secret Plot At Emergency Royal
10-03-2026/Dianas Lost Letter to William Just Broke Charles
10-03-2026/Kate Middleton BREAKS IN TEARS After DNA Test CONFIRMS Dianas Final Secre
10-03-2026/King Charles SPEECHLESS As Princess Anne Reveals Queen's Important Messag
10-03-2026/Prince Edward FINALLY Breaks Silence On Diana, And It's Bad
10-03-2026/Prince William KICKS OUT Camilla Of Diana's Awards Event
10-03-2026/Prince William REMOVES Camilla’s Family From All Royal Trusts—Public Cheers
10-03-2026/Prince William TAKES BACK Royal Title From Camillas Grandson After This H
10-03-2026/Princess Anne & King Charles It's Time To REVEAL EVERYTHING
10-03-2026/Princess Anne Reveals The King’s Final Wish—William and Harry Stunned
10-03-2026/Princess Beatrice Cuts All Ties After Shocking DNA Reveals Her True Pater
10-03-2026/Queen Camilla COLLAPSES After Prince William's Announcement  She's Out Fo
10-03-2026/Queen Camilla Forced to APOLOGIZE to Catherine on Live Television
10-03-2026/William Ends Financial Support to Camilla’s Family After Shocking Revelations from her Ex-Husband
10-03-2026/William STRIPS Royal Title From Camilla's Granddaughter After CAUGHT Figh
10-03-2026/1 MIN AGO Princess Anne CATCHES Camilla Altering Queen Elizabeths Will  C
10-03-2026/Princess Catherine BREAKS DOWN As Royal Doctor Confirms Her Hidden Diagno
10-03-2026/1 MIN AGO Queen Camillas Name REMOVED From Royal Decree Signed by King Ch
11-03-2026/New Project Spanish/2020311 8 1 Min ago King Charles Speechless As Princess Anne Reveals The Queens Message
11-03-2026/New Project Spanish/202603 11 16 Royal Bombshell Palace Doctor Confirms Catherines Health Condition
11-03-2026/New Project Spanish/20260311 1 King Charles Draws The Line Camillas Family Removed From Succession
11-03-2026/New Project Spanish/20260311 10 1 MIN AGO William Kicks Camilla Out Of Dianas Awards
11-03-2026/New Project Spanish/20260311 11 1 MIN AGO William Removes Camillas Family From Royal Trusts
11-03-2026/New Project Spanish/20260311 12 1 MIN AGO William Strips Camillas Grandson Of Royal Title
11-03-2026/New Project Spanish/20260311 13 BREAKING Princess Anne  King Charles It’s Time To Reveal Everything
11-03-2026/New Project Spanish/20260311 14 1 MIN AGO Princess Anne Reveals The Kings Final Wish
11-03-2026/New Project Spanish/20260311 15 BREAKING Princess Beatrice Cuts Ties After Shocking DNA Revelation
11-03-2026/New Project Spanish/20260311 17 BREAKING Prince William Issues New Royal Order Camilla Collapses
11-03-2026/New Project Spanish/20260311 18 Queen Camilla Humiliated On Live TV Forced To Apologize To Catherine
11-03-2026/New Project Spanish/20260311 19 BREAKING Prince William Cuts Financial Support To Camillas Family
11-03-2026/New Project Spanish/20260311 2 BREAKING King Charles Signs Decree Removing Queen Camillas Name!
11-03-2026/New Project Spanish/20260311 20 Princess Annes Stunning Move Against Camilla Leaves King Charles Speechless
11-03-2026/New Project Spanish/20260311 3 1 Min ago William Catherine Just Made A Huge Announcement Shocks Everyone
11-03-2026/New Project Spanish/20260311 4 1 MIN AGO Palace In Chaos Charles Removes Camillas Title
11-03-2026/New Project Spanish/20260311 5 Buckingham In Trembles After Princess Anne Reveals Camillas Secret Plot
11-03-2026/New Project Spanish/20260311 6 BREAKING Dianas Lost Letter To William Leaves King Charles Shaken
11-03-2026/New Project Spanish/20260311 7 Princess Catherine BREAKS IN TEARS After DNA Test CONFIRMS Dianas Final Secret
11-03-2026/New Project Spanish/20260311 9 1 MIN AGO Prince Edward Breaks Silence On Princess Diana
12-03-2026/1 MIN AGO Royal Family Just Made A Tragic Huge Announcement About Future 
12-03-2026/3 MIN AGO Sophie and Catherine's Private Meeting ENDS Camilla's Authority
12-03-2026/5 MINUTES AGO William REVEALS Duchess Sophie Secret Inheritance - Camilla
12-03-2026/After 5 Years, Beatrice And Edo To D!VORCE Due To HUGE Differences
12-03-2026/Back off from the New Queen! Cruise Rejects Meghans Movie Pleas at Charit
12-03-2026/Beatrice's World SHATTERED! Court Docs EXPOSE What Fergie Made Her Daught
12-03-2026/BREAKING! Dame Helen Skewers Meghan at Globes, Crowd Roars as Hollywood T
12-03-2026/BREAKING! William Exposes Meghans False Claims & Defiantly Defends Cather
12-03-2026/JUST IN King Charles Finally Bestows A Princess Title On Zara Tindall In 
12-03-2026/Kevin Costner alleges Meghan propositioned him, claiming her past ties to
12-03-2026/King Charles Hands FINAL AUTHORITY To William After Camilla Scandal Erupt
12-03-2026/King Charles' Announcement Changes EVERYTHINGLady Louise Is NOW An HRH Pr
12-03-2026/Lilibet's Nanny Goes PUBLIC  The Incidents She Witnessed Will Leave You S
12-03-2026/Meghan in Hot Water as Clooney Foundation Sues Archewell Over Misleading 
12-03-2026/No One Commented on Her Childs Skin! After 5 Yrs, Oprah Says Meg Deceived
12-03-2026/Princess Anne's Lawyer SEALS Off Sandringham Wing  Blocking Camillas Priv
12-03-2026/Royal Family's LAST WARNING to Andrew LEAVE NOW! [DownSub.com]
12-03-2026/Saudi Crown Prince Drops Bombshell on Meghans Yacht Stay and How She Stol
12-03-2026/She Slept With My Husband! Jessica Mulroney Accuses Meghan of an Affair a
12-03-2026/Shes A Creep! Jennifer Aniston Claims Meghan Stalked Her Mansion For 6 Ye
12-03-2026/1 MIN AGO Royal Family Just Made A Tragic Huge Announcement About Future 
12-03-2026/JUST IN King Charles Finally Bestows A Princess Title On Zara Tindall In 
12-03-2026/Meghan in Hot Water as Clooney Foundation Sues Archewell Over Misleading 
14-03-2026/royal story UK Spanish/1 MIN AGO Royal Family Just Made A Tragic Huge Announcement About Future _out
14-03-2026/royal story UK Spanish/3 MIN AGO Sophie and Catherine's Private Meeting ENDS Camilla's Authority_out
14-03-2026/royal story UK Spanish/5 MINUTES AGO William REVEALS Duchess Sophie Secret Inheritance - Camilla_out
14-03-2026/royal story UK Spanish/After 5 Years, Beatrice And Edo To D!VORCE Due To HUGE Differences_out
14-03-2026/royal story UK Spanish/Back off from the New Queen! Cruise Rejects Meghans Movie Pleas at Charit_out
14-03-2026/royal story UK Spanish/Beatrice's World SHATTERED! Court Docs EXPOSE What Fergie Made Her Daught_out
14-03-2026/royal story UK Spanish/BREAKING! Dame Helen Skewers Meghan at Globes, Crowd Roars as Hollywood T_out
14-03-2026/royal story UK Spanish/BREAKING! William Exposes Meghans False Claims & Defiantly Defends Cather_out
14-03-2026/royal story UK Spanish/JUST IN King Charles Finally Bestows A Princess Title On Zara Tindall In _out
14-03-2026/royal story UK Spanish/Kevin Costner alleges Meghan propositioned him, claiming her past ties to_out
14-03-2026/royal story UK Spanish/King Charles Hands FINAL AUTHORITY To William After Camilla Scandal Erupt_out
14-03-2026/royal story UK Spanish/King Charles' Announcement Changes EVERYTHINGLady Louise Is NOW An HRH Pr_out
14-03-2026/royal story UK Spanish/Lilibet's Nanny Goes PUBLIC  The Incidents She Witnessed Will Leave You S_out
14-03-2026/royal story UK Spanish/Meghan in Hot Water as Clooney Foundation Sues Archewell Over Misleading _out
14-03-2026/royal story UK Spanish/No One Commented on Her Childs Skin! After 5 Yrs, Oprah Says Meg Deceived_out
14-03-2026/royal story UK Spanish/Princess Anne's Lawyer SEALS Off Sandringham Wing  Blocking Camillas Priv_out
14-03-2026/royal story UK Spanish/Royal Family's LAST WARNING to Andrew LEAVE NOW! [DownSub.com]_out
14-03-2026/royal story UK Spanish/Saudi Crown Prince Drops Bombshell on Meghans Yacht Stay and How She Stol_out
14-03-2026/royal story UK Spanish/She Slept With My Husband! Jessica Mulroney Accuses Meghan of an Affair a_out
14-03-2026/royal story UK Spanish/Shes A Creep! Jennifer Aniston Claims Meghan Stalked Her Mansion For 6 Ye_out
12-03-2026/1 MIN AGO Royal Family Just Made A Tragic Huge Announcement About Future 
12-03-2026/JUST IN King Charles Finally Bestows A Princess Title On Zara Tindall In 
12-03-2026/Meghan in Hot Water as Clooney Foundation Sues Archewell Over Misleading 
16-03-2026/1 MIN AGO Catherine & William BREAK DOWN After Doctors Reveal Prince Loui
16-03-2026/5 MINUTES AGO Beatrice & Eugenie TERRIFIED As Sarah Ferguson Prepares Tel
16-03-2026/Andrew's New Home Has A MAJOR Problem  The Whole Neighborhood Is LAUGHING
16-03-2026/At 77, Charles Finally Confirms the Secret Thats Haunted the Monarchy for
16-03-2026/Dubai Sheikh REJECTS Meghan Markle! Tells Her To STAY AWAY From DUBAI! [D
16-03-2026/JUST IN Eugenie & Beatrice Are Badly Confirming Their DIVORCE - Camilla I
16-03-2026/JUST IN King Charles BLINDSIDED As Prince Edwards Lawyers Claim Queens Se
16-03-2026/JUST IN William EXPOSES Beatrice & Eugenies Secret Epstein Ties - You Are
16-03-2026/JUST NOW Australia Rejects Meghan Markle  100.000 Signatures Force Prince
16-03-2026/King Charles Hands FINAL AUTHORITY To William After Camilla Scandal Erupt
16-03-2026/Prince William CUTS OFF Camillas Family Funds After Ex-Husbands Bombshell
16-03-2026/Prince William Expels Camillas Grandson from Windsor  Annes Silent Approv
16-03-2026/Prince William Transfers Queen Mother's Jewels to Charlotte, Bypassing Ca
16-03-2026/Princess Anne's Lawyer SEALS Off Sandringham Wing  Blocking Camillas Priv
16-03-2026/The TRUTH About Queen Elizabeth's Corgis  What Andrew Did To Them Is HEAR
12-03-2026/1 MIN AGO Royal Family Just Made A Tragic Huge Announcement About Future 
12-03-2026/JUST IN King Charles Finally Bestows A Princess Title On Zara Tindall In 
12-03-2026/Meghan in Hot Water as Clooney Foundation Sues Archewell Over Misleading 
24-03-2026/2020311 8 1 Min ago King Charles Speechless As Princess Anne Reveals The Queens Message
24-03-2026/Kevin Costner alleges Meghan propositioned him, claiming her past ties to_out_out
24-03-2026/Meghan in Hot Water as Clooney Foundation Sues Archewell Over Misleading _out_out
24-03-2026/Royal Family's LAST WARNING to Andrew LEAVE NOW! [DownSub.com]_out_out
12-03-2026/1 MIN AGO Royal Family Just Made A Tragic Huge Announcement About Future 
12-03-2026/JUST IN King Charles Finally Bestows A Princess Title On Zara Tindall In 
12-03-2026/Meghan in Hot Water as Clooney Foundation Sues Archewell Over Misleading 
25-03-2026/'Theyre going BANKRUPT!' Meghan and Harry are running out of money  Daily
25-03-2026/Backlash Expected if Demanding and Delusional Prince Harry Gets His Taxpa
25-03-2026/Harry & Meghans Betrayal Response Is a PR Disaster
25-03-2026/Meghan Markle Flower Reel EXPOSED Did You Spot HIM
25-03-2026/Meghan Markle's As ever Australian Invasion Meghan Trademarks As ever Bef
25-03-2026/Nowhere To Hide What Tom Bower & Variety Reveal About Meghan & Harry's Fa
25-03-2026/Prince Harrys Alpha Act EXPOSED Body Language Expert Reveals Hidden Tells
25-03-2026/This Meghan Moment Feels...Off..HERE's WHY!
12-03-2026/1 MIN AGO Royal Family Just Made A Tragic Huge Announcement About Future 
12-03-2026/JUST IN King Charles Finally Bestows A Princess Title On Zara Tindall In 
12-03-2026/Meghan in Hot Water as Clooney Foundation Sues Archewell Over Misleading 
26-03-2026/New Project Spanish/2020311 8 1 Min ago King Charles Speechless As Princess Anne Reveals The Queens Message
26-03-2026/New Project Spanish/202603 11 16 Royal Bombshell Palace Doctor Confirms Catherines Health Condition
26-03-2026/New Project Spanish/20260311 1 King Charles Draws The Line Camillas Family Removed From Succession
26-03-2026/New Project Spanish/20260311 10 1 MIN AGO William Kicks Camilla Out Of Dianas Awards
26-03-2026/New Project Spanish/20260311 12 1 MIN AGO William Strips Camillas Grandson Of Royal Title
26-03-2026/New Project Spanish/20260311 13 BREAKING Princess Anne  King Charles It’s Time To Reveal Everything
26-03-2026/New Project Spanish/20260311 14 1 MIN AGO Princess Anne Reveals The Kings Final Wish
26-03-2026/New Project Spanish/20260311 15 BREAKING Princess Beatrice Cuts Ties After Shocking DNA Revelation
26-03-2026/New Project Spanish/20260311 17 BREAKING Prince William Issues New Royal Order Camilla Collapses
26-03-2026/New Project Spanish/20260311 18 Queen Camilla Humiliated On Live TV Forced To Apologize To Catherine
26-03-2026/New Project Spanish/20260311 19 BREAKING Prince William Cuts Financial Support To Camillas Family
26-03-2026/New Project Spanish/20260311 2 BREAKING King Charles Signs Decree Removing Queen Camillas Name!
26-03-2026/New Project Spanish/20260311 20 Princess Annes Stunning Move Against Camilla Leaves King Charles Speechless
26-03-2026/New Project Spanish/20260311 3 1 Min ago William Catherine Just Made A Huge Announcement Shocks Everyone
26-03-2026/New Project Spanish/20260311 4 1 MIN AGO Palace In Chaos Charles Removes Camillas Title
26-03-2026/New Project Spanish/20260311 5 Buckingham In Trembles After Princess Anne Reveals Camillas Secret Plot
26-03-2026/New Project Spanish/20260311 6 BREAKING Dianas Lost Letter To William Leaves King Charles Shaken
26-03-2026/New Project Spanish/20260311 7 Princess Catherine BREAKS IN TEARS After DNA Test CONFIRMS Dianas Final Secret
26-03-2026/New Project Spanish/20260311 9 1 MIN AGO Prince Edward Breaks Silence On Princess Diana
26-03-2026/royal story UK Spanish/1 MIN AGO Royal Family Just Made A Tragic Huge Announcement About Future _out
26-03-2026/royal story UK Spanish/3 MIN AGO Sophie and Catherine's Private Meeting ENDS Camilla's Authority_out
26-03-2026/royal story UK Spanish/5 MINUTES AGO William REVEALS Duchess Sophie Secret Inheritance - Camilla_out
26-03-2026/royal story UK Spanish/After 5 Years, Beatrice And Edo To D!VORCE Due To HUGE Differences_out
26-03-2026/royal story UK Spanish/Back off from the New Queen! Cruise Rejects Meghans Movie Pleas at Charit_out
26-03-2026/royal story UK Spanish/Beatrice's World SHATTERED! Court Docs EXPOSE What Fergie Made Her Daught_out
26-03-2026/royal story UK Spanish/BREAKING! Dame Helen Skewers Meghan at Globes, Crowd Roars as Hollywood T_out
26-03-2026/royal story UK Spanish/BREAKING! William Exposes Meghans False Claims & Defiantly Defends Cather_out
26-03-2026/royal story UK Spanish/JUST IN King Charles Finally Bestows A Princess Title On Zara Tindall In _out
26-03-2026/royal story UK Spanish/Kevin Costner alleges Meghan propositioned him, claiming her past ties to_out
26-03-2026/royal story UK Spanish/King Charles Hands FINAL AUTHORITY To William After Camilla Scandal Erupt_out
26-03-2026/royal story UK Spanish/King Charles' Announcement Changes EVERYTHINGLady Louise Is NOW An HRH Pr_out
26-03-2026/royal story UK Spanish/Lilibet's Nanny Goes PUBLIC  The Incidents She Witnessed Will Leave You S_out
26-03-2026/royal story UK Spanish/Meghan in Hot Water as Clooney Foundation Sues Archewell Over Misleading _out
26-03-2026/royal story UK Spanish/No One Commented on Her Childs Skin! After 5 Yrs, Oprah Says Meg Deceived_out
26-03-2026/royal story UK Spanish/Princess Anne's Lawyer SEALS Off Sandringham Wing  Blocking Camillas Priv_out
26-03-2026/royal story UK Spanish/Royal Family's LAST WARNING to Andrew LEAVE NOW! [DownSub.com]_out
26-03-2026/royal story UK Spanish/Saudi Crown Prince Drops Bombshell on Meghans Yacht Stay and How She Stol_out
26-03-2026/royal story UK Spanish/She Slept With My Husband! Jessica Mulroney Accuses Meghan of an Affair a_out
26-03-2026/royal story UK Spanish/Shes A Creep! Jennifer Aniston Claims Meghan Stalked Her Mansion For 6 Ye_out
12-03-2026/1 MIN AGO Royal Family Just Made A Tragic Huge Announcement About Future 
12-03-2026/JUST IN King Charles Finally Bestows A Princess Title On Zara Tindall In 
12-03-2026/Meghan in Hot Water as Clooney Foundation Sues Archewell Over Misleading 
26-03-2026/New Project Spanish/20260311 11 1 MIN AGO William Removes Camillas Family From Royal Trusts
12-03-2026/1 MIN AGO Royal Family Just Made A Tragic Huge Announcement About Future 
12-03-2026/JUST IN King Charles Finally Bestows A Princess Title On Zara Tindall In 
12-03-2026/Meghan in Hot Water as Clooney Foundation Sues Archewell Over Misleading 
30-03-2026/1 MIN AGO King Charles BLOCKS Camilla From Royal Jewels  Drama Erupts In 
30-03-2026/3 MIN AGO Sophie and Catherine's Private Meeting ENDS Camilla's Authority
30-03-2026/Affairs Prince Harry's new heartbreak over Chelsy Davy revealed as Meghan
30-03-2026/After Prince Louis Health News Rocks the Family, Prince George Breaks Dow
30-03-2026/Doesn't care for own children Meghan Markle in nanny quit crisis as she b
30-03-2026/Drug dealer Prince Harry courtroom bombshell as disastrous case against Daily Mail closes in chaos
30-03-2026/Duchess Sophie Finally Reveals Princess Diana's Lost Letter And Its Shock
30-03-2026/Hates Africa How Meghan Markle LIED to Prince Harry as Tina Brown & Tom B
30-03-2026/He's using her! Real reason Princess Beatrice marriage is crumbling as An
30-03-2026/King Charles BREAKS IN TEARS As Royal Archives REVEAL Dianas TRUE Will
30-03-2026/King Charles SHUTS DOWN LAURA LOPES After Royal Jewelry Drama Explodes!
30-03-2026/King Charles TRANSFERS Camillas Crown To Catherine  REJECTS Her FINAL Dem
30-03-2026/Meghan Markle yacht girl past revealed by Julie Burchill in shock column 
30-03-2026/Meghan MELTDOWN After Piers Morgan EXPOSES NEW Archie & Lilibet's Investi
30-03-2026/Meghan STUNNED After Jordans King And Queen Quietly Pass On Royal Meeting
30-03-2026/No mercy! Balding Prince Harry breaks down over William's plan to STRIP A
30-03-2026/Princess Anne REVEALS Meghans Divorce Terms  Harry Could LOSE It ALL
30-03-2026/Royal Guard FORCES Camillas Grandson To Open Wardrobe, Late Queens STOLEN
30-03-2026/Royal Palace Staff Speak Out at Last  What Andrew Did Was Far Worse Than 
30-03-2026/Younger girls King Charles asks Andrew to remove himself from succession 
12-03-2026/1 MIN AGO Royal Family Just Made A Tragic Huge Announcement About Future 
12-03-2026/JUST IN King Charles Finally Bestows A Princess Title On Zara Tindall In 
12-03-2026/Meghan in Hot Water as Clooney Foundation Sues Archewell Over Misleading 
30-03-2026/1 MIN AGO King Charles BLOCKS Camilla From Royal Jewels  Drama Erupts In 
30-03-2026/german/1 MIN AGO King Charles BLOCKS Camilla From Royal Jewels  Drama Erupts In _out
30-03-2026/german/3 MIN AGO Sophie and Catherine's Private Meeting ENDS Camilla's Authority_out
30-03-2026/german/Affairs Prince Harry's new heartbreak over Chelsy Davy revealed as Meghan_out
30-03-2026/german/After Prince Louis Health News Rocks the Family, Prince George Breaks Dow_out
30-03-2026/german/Doesn't care for own children Meghan Markle in nanny quit crisis as she b_out
30-03-2026/german/Drug dealer Prince Harry courtroom bombshell as disastrous case against Daily Mail closes in chaos_out
30-03-2026/german/Duchess Sophie Finally Reveals Princess Diana's Lost Letter And Its Shock_out
30-03-2026/german/Hates Africa How Meghan Markle LIED to Prince Harry as Tina Brown & Tom B_out
30-03-2026/german/He's using her! Real reason Princess Beatrice marriage is crumbling as An_out
30-03-2026/german/King Charles BREAKS IN TEARS As Royal Archives REVEAL Dianas TRUE Will_out
30-03-2026/german/King Charles SHUTS DOWN LAURA LOPES After Royal Jewelry Drama Explodes!_out
30-03-2026/german/King Charles TRANSFERS Camillas Crown To Catherine  REJECTS Her FINAL Dem_out
30-03-2026/german/Meghan Markle yacht girl past revealed by Julie Burchill in shock column _out
30-03-2026/german/Meghan MELTDOWN After Piers Morgan EXPOSES NEW Archie & Lilibet's Investi_out
30-03-2026/german/Meghan STUNNED After Jordans King And Queen Quietly Pass On Royal Meeting_out
30-03-2026/german/No mercy! Balding Prince Harry breaks down over William's plan to STRIP A_out
30-03-2026/german/Princess Anne REVEALS Meghans Divorce Terms  Harry Could LOSE It ALL_out
30-03-2026/german/Royal Guard FORCES Camillas Grandson To Open Wardrobe, Late Queens STOLEN_out
30-03-2026/german/Royal Palace Staff Speak Out at Last  What Andrew Did Was Far Worse Than _out
30-03-2026/german/Younger girls King Charles asks Andrew to remove himself from succession _out
30-03-2026/Meghan Markle yacht girl past revealed by Julie Burchill in shock column 
30-03-2026/Royal Palace Staff Speak Out at Last  What Andrew Did Was Far Worse Than 
30-03-2026/spanish/1 MIN AGO King Charles BLOCKS Camilla From Royal Jewels  Drama Erupts In _out
30-03-2026/spanish/3 MIN AGO Sophie and Catherine's Private Meeting ENDS Camilla's Authority_out
30-03-2026/spanish/Affairs Prince Harry's new heartbreak over Chelsy Davy revealed as Meghan_out
30-03-2026/spanish/After Prince Louis Health News Rocks the Family, Prince George Breaks Dow_out
30-03-2026/spanish/Doesn't care for own children Meghan Markle in nanny quit crisis as she b_out
30-03-2026/spanish/Drug dealer Prince Harry courtroom bombshell as disastrous case against Daily Mail closes in chaos_out
30-03-2026/spanish/Duchess Sophie Finally Reveals Princess Diana's Lost Letter And Its Shock_out
30-03-2026/spanish/Hates Africa How Meghan Markle LIED to Prince Harry as Tina Brown & Tom B_out
30-03-2026/spanish/He's using her! Real reason Princess Beatrice marriage is crumbling as An_out
30-03-2026/spanish/King Charles BREAKS IN TEARS As Royal Archives REVEAL Dianas TRUE Will_out
30-03-2026/spanish/King Charles SHUTS DOWN LAURA LOPES After Royal Jewelry Drama Explodes!_out
30-03-2026/spanish/King Charles TRANSFERS Camillas Crown To Catherine  REJECTS Her FINAL Dem_out
30-03-2026/spanish/Meghan Markle yacht girl past revealed by Julie Burchill in shock column _out
30-03-2026/spanish/Meghan MELTDOWN After Piers Morgan EXPOSES NEW Archie & Lilibet's Investi_out
30-03-2026/spanish/Meghan STUNNED After Jordans King And Queen Quietly Pass On Royal Meeting_out
30-03-2026/spanish/No mercy! Balding Prince Harry breaks down over William's plan to STRIP A_out
30-03-2026/spanish/Princess Anne REVEALS Meghans Divorce Terms  Harry Could LOSE It ALL_out
30-03-2026/spanish/Royal Guard FORCES Camillas Grandson To Open Wardrobe, Late Queens STOLEN_out
30-03-2026/spanish/Royal Palace Staff Speak Out at Last  What Andrew Did Was Far Worse Than _out
30-03-2026/spanish/Younger girls King Charles asks Andrew to remove himself from succession _out
30-03-2026/Younger girls King Charles asks Andrew to remove himself from succession 
06-04-2026/royal-list/At 77, Charles Finally Confirms the Secret Thats Haunted the Monarchy for
06-04-2026/royal-list/BREAKING Prince Edward's Staff Member LEAKS Camilla's Attempt to Sabotage
06-04-2026/royal-list/Duke of Kent's Deathbed Confession Surfaces 'Catherine Must Inherit My Cr
06-04-2026/royal-list/Harry Stunned as Soho House Chief Uncovers Meghan Markles Secret Past
06-04-2026/royal-list/Kevin Costner alleges Meghan propositioned him, claiming her past ties to
06-04-2026/royal-list/King Charles Demands Meghan Admit Guilt as Catherine Steps In and Cuts He
06-04-2026/royal-list/King Charles Sues Meghan for 50M Blackmail as Divorce Explodes Welcoming
06-04-2026/royal-list/Meghan Under FBI Investigation Over Secret First Child with Prince Andrew
06-04-2026/royal-list/Prince Harry IN TEARS After Meghan's Ex-Husband EXPOSES Her Abandoned Chi
06-04-2026/royal-list/Princess Anne BLOCKS Camilla From SEIZING Queen Elizabeths Legacy  CROWN
06-04-2026/royal-list/Review the Prenup! Rory McIlroy Called Meghan Sly fox, Urges Harry to Pro
06-04-2026/royal-list/Royals in Shock! Lady Louise STUNS Britain with Surprise ENGAGEMENT
06-04-2026/royal-list/Royals in Shock! Prince William And Kate Middleton Make a SURPRISE Announ
06-04-2026/royal-list/She is linked to Epstein! King Charles Announces Meghan Markle Permanentl
06-04-2026/royal-list/The UGLY Truth About Princess Beatrice's Husband
06-04-2026/royal-list/Thomas Markle Jr Makes Bombshell Claim Meghan Underwent Hysterectomy, Cit
06-04-2026/royal-list/Tom Bower DESTROYS Meghan In NEW Interview  Their Financial Situation Is 
06-04-2026/royal-list/Tyler Perry RECLAIMS 100K Piano  Furniture from Meg & Hazs Mansion – They Couldnt Pay 14M Loan
06-04-2026/royal-list/William RECLAIMS Royal Property As Camillas HIDDEN Transfer Exposed, Quee
06-04-2026/royal-list/William SHOCKS The World With His FIRST Appearance As King, Leaving Camil
12-03-2026/1 MIN AGO Royal Family Just Made A Tragic Huge Announcement About Future 
12-03-2026/JUST IN King Charles Finally Bestows A Princess Title On Zara Tindall In 
12-03-2026/Meghan in Hot Water as Clooney Foundation Sues Archewell Over Misleading 
30-03-2026/1 MIN AGO King Charles BLOCKS Camilla From Royal Jewels  Drama Erupts In 
30-03-2026/Meghan Markle yacht girl past revealed by Julie Burchill in shock column 
30-03-2026/Royal Palace Staff Speak Out at Last  What Andrew Did Was Far Worse Than 
30-03-2026/Younger girls King Charles asks Andrew to remove himself from succession 
06-04-2026/royal-list/Tom Bower DESTROYS Meghan In NEW Interview  Their Financial Situation Is 
07-04-2026/20260604 1 At 77, Charles Finally Confirms the Secret Thats Haunted the Monarchy for_out
07-04-2026/20260604 10 Princess Anne BLOCKS Camilla From SEIZING Queen Elizabeths Legacy  CROWN_out
07-04-2026/20260604 11 Review the Prenup! Rory McIlroy Called Meghan Sly fox, Urges Harry to Pro_out
07-04-2026/20260604 12 Royals in Shock! Lady Louise STUNS Britain with Surprise ENGAGEMENT_out
07-04-2026/20260604 13 Royals in Shock! Prince William And Kate Middleton Make a SURPRISE Announ_out
07-04-2026/20260604 14 She is linked to Epstein! King Charles Announces Meghan Markle Permanentl_out
07-04-2026/20260604 15 The UGLY Truth About Princess Beatrice_s Husband_out
07-04-2026/20260604 16 Thomas Markle Jr Makes Bombshell Claim Meghan Underwent Hysterectomy, Cit_out
07-04-2026/20260604 17 Tom Bower DESTROYS Meghan In NEW Interview  Their Financial Situation Is _out
07-04-2026/20260604 18 Tyler Perry RECLAIMS 100K Piano  Furniture from Meg & Hazs Mansion – They Couldnt Pay 14M Loan_out
07-04-2026/20260604 19 William RECLAIMS Royal Property As Camillas HIDDEN Transfer Exposed, Quee_out
07-04-2026/20260604 2 BREAKING Prince Edward_s Staff Member LEAKS Camilla_s Attempt to Sabotage_out
07-04-2026/20260604 20 William SHOCKS The World With His FIRST Appearance As King, Leaving Camil_out
07-04-2026/20260604 3 Duke of Kent_s Deathbed Confession Surfaces _Catherine Must Inherit My Cr_out
07-04-2026/20260604 4 Harry Stunned as Soho House Chief Uncovers Meghan Markles Secret Past_out
07-04-2026/20260604 5 Kevin Costner alleges Meghan propositioned him, claiming her past ties to_out
07-04-2026/20260604 6 King Charles Demands Meghan Admit Guilt as Catherine Steps In and Cuts He_out
07-04-2026/20260604 7 King Charles Sues Meghan for 50M Blackmail as Divorce Explodes Welcoming_out
07-04-2026/20260604 8 Meghan Under FBI Investigation Over Secret First Child with Prince Andrew_out
07-04-2026/20260604 9 Prince Harry IN TEARS After Meghan_s Ex-Husband EXPOSES Her Abandoned Chi_out
12-03-2026/1 MIN AGO Royal Family Just Made A Tragic Huge Announcement About Future 
12-03-2026/JUST IN King Charles Finally Bestows A Princess Title On Zara Tindall In 
12-03-2026/Meghan in Hot Water as Clooney Foundation Sues Archewell Over Misleading 
30-03-2026/1 MIN AGO King Charles BLOCKS Camilla From Royal Jewels  Drama Erupts In 
30-03-2026/Meghan Markle yacht girl past revealed by Julie Burchill in shock column 
30-03-2026/Royal Palace Staff Speak Out at Last  What Andrew Did Was Far Worse Than 
30-03-2026/Younger girls King Charles asks Andrew to remove himself from succession 
06-04-2026/royal-list/Tom Bower DESTROYS Meghan In NEW Interview  Their Financial Situation Is 
08-04-2026/royal-document/5 MINUTES AGO Palace CONFIRMS The 1917 Mandate - Harry In Tears As Passpo
08-04-2026/royal-document/5 MINUTES AGO Princess Anne CONFIRMS Meghans Secret Past With Markus - Ha
08-04-2026/royal-document/5 MINUTES AGO Princess Anne Opens Queen Elizabeths SECRET Safe - Camilla 
08-04-2026/royal-document/5 MINUTES AGO William EXPOSES Meghans $20M Betrayal After Her Ex-Mentor S
08-04-2026/royal-document/5 MINUTES AGO William Officially REMOVES Harry & Meghan After Order W17 S
08-04-2026/royal-document/5 MINUTES AGO William REVEALS Lady Louises Secret Inheritance - Camilla I
08-04-2026/royal-document/Camilla BANNED FOREVER After Mike Tindalls SHOCKING Discovery Of Royal Es
08-04-2026/royal-document/Camilla STRIPPED Of Title After King Charles Caught Her CHEATING & SEIZIN
08-04-2026/royal-document/Camilla's Inheritance Dream Shattered by Charles' Final Verdict [DownSub.
08-04-2026/royal-document/JUST IN Meghans $38M Australia Fraud EXPOSED As 2.4GB Secret Emails Leak 
08-04-2026/royal-document/JUST IN Queen Camilla's Daughter LOST Everything After DNA Test Exposed H
08-04-2026/royal-document/King Charles Authorises Power Transfer to Prince William Due to Ongoing H
08-04-2026/royal-document/King Charles EXPLODES After Discovering Camilla Tampered With Princess An
08-04-2026/royal-document/Prince Edward Targeted in DEADLY Accident After Exposing Queen Elizabeths
08-04-2026/royal-document/Princess Anne BLOCKS Camilla From Stealing Catherine's Spot In William's 
08-04-2026/royal-document/SHOCKING William EXPOSES Camillas Plot To Steal Queen Elizabeths Tiara - 
08-04-2026/royal-document/The EVICTION William STRIPS ALL Of Camillas ILLEGAL Assets, Her Family OU
08-04-2026/royal-document/THE PURGE BEGINS King Charles Orders Sarah Ferguson Arrest While Meghan M
08-04-2026/royal-document/Tom Bower EXPOSES Meghans $80M Debt - Harry Devastated By Financial Colla
08-04-2026/royal-document/William Seizes $5M Fund As Harry & Meghan BANNED From Sandringham Forever
12-03-2026/1 MIN AGO Royal Family Just Made A Tragic Huge Announcement About Future 
12-03-2026/JUST IN King Charles Finally Bestows A Princess Title On Zara Tindall In 
12-03-2026/Meghan in Hot Water as Clooney Foundation Sues Archewell Over Misleading 
30-03-2026/1 MIN AGO King Charles BLOCKS Camilla From Royal Jewels  Drama Erupts In 
30-03-2026/Meghan Markle yacht girl past revealed by Julie Burchill in shock column 
30-03-2026/Royal Palace Staff Speak Out at Last  What Andrew Did Was Far Worse Than 
30-03-2026/Younger girls King Charles asks Andrew to remove himself from succession 
06-04-2026/royal-list/Tom Bower DESTROYS Meghan In NEW Interview  Their Financial Situation Is 
08-04-2026/royal-document/5 MINUTES AGO Princess Anne Opens Queen Elizabeths SECRET Safe - Camilla 
08-04-2026/royal-document/JUST IN Meghans $38M Australia Fraud EXPOSED As 2.4GB Secret Emails Leak 
08-04-2026/royal-document/Princess Anne BLOCKS Camilla From Stealing Catherine's Spot In William's 
08-04-2026/royal-document/SHOCKING William EXPOSES Camillas Plot To Steal Queen Elizabeths Tiara - 
12-03-2026/1 MIN AGO Royal Family Just Made A Tragic Huge Announcement About Future 
12-03-2026/JUST IN King Charles Finally Bestows A Princess Title On Zara Tindall In 
12-03-2026/Meghan in Hot Water as Clooney Foundation Sues Archewell Over Misleading 
14-04-2026/german/20260414 1 1 MIN AGO William And Catherines Finally Heartbreaking Confession We Cant Hide This AnyMore
14-04-2026/german/20260414 10 SHOCKING Meghan EXPOSED By Bombshell Report Palace Holds Secret File That Could END Her
14-04-2026/german/20260414 11 SHOCKING Meghan ACCUSED Of Using FAKE CHILDREN Explosive Claims Rock Sussex Brand
14-04-2026/german/20260414 12 Harry And Meghan In Panic After Royal Investigation Into Sussex Kids Titles Succession In Question
14-04-2026/german/20260414 13 Prince Edwards SECRET Power Move Against Camilla Williams Throne Strategy EXPOSED
14-04-2026/german/20260414 14 Princess Anne DECLARES WAR At Balmoral As Camillas Family FROZEN Out Of Royal Power
14-04-2026/german/20260414 15 1 MIN AGO William Catherine Make A Suprising Royal Rule New Monarchy ERA Has Begun
14-04-2026/german/20260414 16 SHOCKING Meghans Sold-Out Tour EXPO SED As Empty Harrys Value CRASHES Amid Royal Fallout
14-04-2026/german/20260414 17 SHOCKING Duchess Sophie BREAKS Silence Claims Meghan Targeted William In Secret Royal War
14-04-2026/german/20260414 2 BREAKING Royal PR Disaster Andrew Comeback Plan TRIGGERS Public Outrage
14-04-2026/german/20260414 3 1 MIN AGO King Charles FINAL Speech Triggers WAR With William Monarchy At Risk
14-04-2026/german/20260414 4 BREAKING King Charles Halts Treatment For Emergency Speech Royal Family In Chaos
14-04-2026/german/20260414 5 BREAKING Sussex Empire COLLAPSES Hollywood Rejects Harry & Meghan As Final Move Looms
14-04-2026/german/20260414 6 SHOCKING Harry Meghan CAUGHT In Taxpayer Scandal Private Tour Lie EXPOSED
14-04-2026/german/20260414 7 Palace Made A Major Update About Princess Charlotte After King Charles Reshaped Royal Power
14-04-2026/german/20260414 8 ROYAL BOMBSHELL King Charles Desperate Cancer Decision Sparks Urgent Power Shift
14-04-2026/german/20260414 9 ROYAL BOMBSHELL Hidden Inheritance REVEALED Why Queen Chose Louise Over Heirs
14-04-2026/spanish/20260414 1 1 MIN AGO William And Catherines Finally Heartbreaking Confession We Cant Hide This AnyMore
14-04-2026/spanish/20260414 10 SHOCKING Meghan EXPOSED By Bombshell Report Palace Holds Secret File That Could END Her
14-04-2026/spanish/20260414 11 SHOCKING Meghan ACCUSED Of Using FAKE CHILDREN Explosive Claims Rock Sussex Brand
14-04-2026/spanish/20260414 12 Harry And Meghan In Panic After Royal Investigation Into Sussex Kids Titles Succession In Question
14-04-2026/spanish/20260414 13 Prince Edwards SECRET Power Move Against Camilla Williams Throne Strategy EXPOSED
14-04-2026/spanish/20260414 14 Princess Anne DECLARES WAR At Balmoral As Camillas Family FROZEN Out Of Royal Power
14-04-2026/spanish/20260414 15 1 MIN AGO William Catherine Make A Suprising Royal Rule New Monarchy ERA Has Begun
14-04-2026/spanish/20260414 16 SHOCKING Meghans Sold-Out Tour EXPO SED As Empty Harrys Value CRASHES Amid Royal Fallout
14-04-2026/spanish/20260414 17 SHOCKING Duchess Sophie BREAKS Silence Claims Meghan Targeted William In Secret Royal War
14-04-2026/spanish/20260414 2 BREAKING Royal PR Disaster Andrew Comeback Plan TRIGGERS Public Outrage
14-04-2026/spanish/20260414 3 1 MIN AGO King Charles FINAL Speech Triggers WAR With William Monarchy At Risk
14-04-2026/spanish/20260414 4 BREAKING King Charles Halts Treatment For Emergency Speech Royal Family In Chaos
14-04-2026/spanish/20260414 5 BREAKING Sussex Empire COLLAPSES Hollywood Rejects Harry & Meghan As Final Move Looms
14-04-2026/spanish/20260414 6 SHOCKING Harry Meghan CAUGHT In Taxpayer Scandal Private Tour Lie EXPOSED
14-04-2026/spanish/20260414 7 Palace Made A Major Update About Princess Charlotte After King Charles Reshaped Royal Power
14-04-2026/spanish/20260414 8 ROYAL BOMBSHELL King Charles Desperate Cancer Decision Sparks Urgent Power Shift
14-04-2026/spanish/20260414 9 ROYAL BOMBSHELL Hidden Inheritance REVEALED Why Queen Chose Louise Over Heirs
30-03-2026/1 MIN AGO King Charles BLOCKS Camilla From Royal Jewels  Drama Erupts In 
30-03-2026/Meghan Markle yacht girl past revealed by Julie Burchill in shock column 
30-03-2026/Royal Palace Staff Speak Out at Last  What Andrew Did Was Far Worse Than 
30-03-2026/Younger girls King Charles asks Andrew to remove himself from succession 
06-04-2026/royal-list/Tom Bower DESTROYS Meghan In NEW Interview  Their Financial Situation Is 
08-04-2026/royal-document/5 MINUTES AGO Princess Anne Opens Queen Elizabeths SECRET Safe - Camilla 
08-04-2026/royal-document/JUST IN Meghans $38M Australia Fraud EXPOSED As 2.4GB Secret Emails Leak 
08-04-2026/royal-document/Princess Anne BLOCKS Camilla From Stealing Catherine's Spot In William's 
08-04-2026/royal-document/SHOCKING William EXPOSES Camillas Plot To Steal Queen Elizabeths Tiara - 
15-04-2026/'HE'S FINISHED!' Harry BANKRUPTCY BATTLE exposed as he's sued by charity 
15-04-2026/27 Years Later They Opened Princess Dianas Tomb And Got Shocked
15-04-2026/Camilla DRAGS King Charles To REMOTE Monastery For Her Dirty Plan - Princ
15-04-2026/Camillas Grandson ARRESTED With Secret Royal Files At Airport, Queen CRIE
15-04-2026/Demanded pictures are deleted! Meghan Markle's psychotic night out with N
15-04-2026/Duchess Sophie REVEALS Queens SEALED Letter For Kate What Camilla Did Lef
15-04-2026/FDA Targets As Ever, 19 Violations Alleged, Infection Hazards in Meghans 
15-04-2026/Harry and Meghans New Lawsuit NIGHTMARE, Lauren Sanchez Is Happy and Not 
15-04-2026/Here's Why I Had To Keep My Sister A Secret - Prince William
15-04-2026/Intimate fling Prince Harry romance with Mail's Charlotte Griffiths revea
15-04-2026/IT'S OVER! Harry & Meghan REJECTED By Australia  Petition Throws Royals I
15-04-2026/JUST NOW William STOPS Camillas Private Summer Stay  The Estate Is MINE N
15-04-2026/King Charles SLAMS The Door On Meghan & Harry  Sussex Camp In TOTAL PANIC
15-04-2026/Not backing down Meghan Markle shock plot to return to UK for relaunch ex
15-04-2026/Prince William OPENS Secret Royal Investigation After SURROGACY Rumors Hi
15-04-2026/Princess Diana Left Her Entire Estate to One Person, and It Changes Every
15-04-2026/Risk to marriage Meghan Markle BULLIED Sophie Chandauka leading to bombsh
15-04-2026/Rob Lowe Finally Speaks as Alleged Drone and Bullying Claims Surround Meg
15-04-2026/Tom Bower & Lady C FINALLY EXPOSE Meghans Yacht Past  The Palace Knew!
15-04-2026/What DNA Revealed About Princess DIANA'S Mother's Ancestry is Extremely W
15-04-2026/'HE'S FINISHED!' Harry BANKRUPTCY BATTLE exposed as he's sued by charity 
15-04-2026/FDA Targets As Ever, 19 Violations Alleged, Infection Hazards in Meghans 
15-04-2026/Harry and Meghans New Lawsuit NIGHTMARE, Lauren Sanchez Is Happy and Not 
22-04-2026/[English (auto-generated)] After 5 Yrs King Charles Finally Files Defamation Suit Against Meghan Ove
22-04-2026/[English (auto-generated)] Andrew's Testimony Affirms Markus Arranged Meg As 'CaII Girl' For Him At 
22-04-2026/[English (auto-generated)] Anne & Catherine Officially Exclude Camillas sister Annabel After Explosi
22-04-2026/[English (auto-generated)] DONT YOU DARE PLAY MY SISTER! Charles Spencer BANS Meghan From NEW Netfli
22-04-2026/[English (auto-generated)] King Charles Grant Michael Middleton Role of Royal Advisor to Future King
22-04-2026/[English (auto-generated)] King Charles makes shock TV address to nation as William & Catherine step
22-04-2026/[English (auto-generated)] King Charles, UK Courts Rule After Protection Lawsuit, Meghan & Harrys Su
22-04-2026/[English (auto-generated)] Liam Neeson Claims Meghan Leeched Off Rich Old Man Fitzpatrick as a Sugar
22-04-2026/[English (auto-generated)] MEG BULLIED MY MOTHER! Princess Charlottes Shocking Words Expose Meghans 
22-04-2026/[English (auto-generated)] Meghan Made This All Up! Catherine Finally Exposes the Truth Behind the W
22-04-2026/[English (auto-generated)] Meghan's Staff Expose Shocking Way She Treats Them  The Royalist Podcast 
22-04-2026/[English (auto-generated)] Meghans Mother Doria Provided Proof Linking Her Daughter To AndrewEpstein
22-04-2026/[English (auto-generated)] Megs Massive Debt Crisis Force Haz to Sell Mansion Cheap, Paris Hilton Sp
22-04-2026/[English (auto-generated)] Palace Investigates Meghan! David Beckham Reveals King Charles Removed Me
22-04-2026/[English (auto-generated)] PHUKET YACHT GIRL! Old Ghislaine Maxwell Speech Exposed Meghans Yacht Tri
22-04-2026/[English (auto-generated)] Prince William Rejects Oprahs Interview Offer After Meghans Deceit and Pr
22-04-2026/[English (auto-generated)] Queen Elizabeths Secret Footage Dug Up, Accuses Meghan of Taking 241k in 
22-04-2026/[English (auto-generated)] Sarah Ferguson Reveals MeghanAndrew Affair Before Harry in an Interview  
22-04-2026/[English (auto-generated)] Serena Williams ditches Meg for Catherine in rare interview, Hollywood ra
22-04-2026/[English (auto-generated)] She Bullied the Neighborhood! Rob Lowe Claims Meghan Evicted From Monteci
22-04-2026/[English (auto-generated)] She stiffed me on my money! David Foster cuts ties with Haz, reveals Megs
22-04-2026/[English (auto-generated)] Shes Actually 52! Samantha Exposed Meghans Real Age & Accuses Her of Faki
22-04-2026/[English (auto-generated)] Theyre Bankrupt! Former Archewell Executive James Holt Exposes 1M Unsold 
22-04-2026/[English (auto-generated)] Thomas Markle Claims Meghan Abandoned Secret Child With Joseph Giuliano i
15-04-2026/'HE'S FINISHED!' Harry BANKRUPTCY BATTLE exposed as he's sued by charity 
15-04-2026/FDA Targets As Ever, 19 Violations Alleged, Infection Hazards in Meghans 
15-04-2026/Harry and Meghans New Lawsuit NIGHTMARE, Lauren Sanchez Is Happy and Not 
22-04-2026/[English (auto-generated)] Andrew's Testimony Affirms Markus Arranged Meg As 'CaII Girl' For Him At 
22-04-2026/[English (auto-generated)] MEG BULLIED MY MOTHER! Princess Charlottes Shocking Words Expose Meghans 
22-04-2026/[English (auto-generated)] Meghan's Staff Expose Shocking Way She Treats Them  The Royalist Podcast 
22-04-2026/[English (auto-generated)] Queen Elizabeths Secret Footage Dug Up, Accuses Meghan of Taking 241k in 
22-04-2026/[English (auto-generated)] Sarah Ferguson Reveals MeghanAndrew Affair Before Harry in an Interview  
22-04-2026/[English (auto-generated)] Theyre Bankrupt! Former Archewell Executive James Holt Exposes 1M Unsold 
28-04-2026/20260428 1 'HE'S FINISHED!' Harry fighting BANKRUPTCY as he's sued by charity Daily Expresso
28-04-2026/20260428 10 Intimate fling Prince Harry romance with Mail's Charlotte Griffiths revealed in Facebook messages
28-04-2026/20260428 11 IT'S OVER! Harry & Meghan REJECTED By Australia — Petition Throws Royals Into Turmoil
28-04-2026/20260428 12 JUST NOW William STOPS Camillas Private Summer Stay  The Estate Is MINE N
28-04-2026/20260428 13 King Charles SLAMS The Door On Meghan & Harry — Sussex Camp In TOTAL PANIC!
28-04-2026/20260428 14 Not backing down Meghan Markle shock plot to return to UK for relaunch exposed as money woes grows
28-04-2026/20260428 15 Prince William OPENS Secret Royal Investigation After SURROGACY Rumors Hit Meghan LIVE!
28-04-2026/20260428 16 Princess Diana Left Her Entire Estate to One Person, and It Changes Everything
28-04-2026/20260428 17 Risk to marriage Meghan Markle BULLIED Sophie Chandauka leading to bombsh
28-04-2026/20260428 18 Rob Lowe Finally Speaks as Alleged Drone and Bullying Claims Surround Meg
28-04-2026/20260428 19 Tom Bower & Lady C FINALLY EXPOSE Meghans Yacht Past  The Palace Knew!
28-04-2026/20260428 2 27 Years Later They Opened Princess Diana’s Tomb And Got Shocked
28-04-2026/20260428 20 What DNA Revealed About Princess DIANA'S Mother's Ancestry is Extremely Weird!
28-04-2026/20260428 3 Camilla DRAGS King Charles To REMOTE Monastery For Her Dirty Plan - Prince William TEARS Her APART!
28-04-2026/20260428 4 Camilla’s Grandson ARRESTED With Secret Royal Files At Airport, Queen CRIES in JAIL
28-04-2026/20260428 5 Demanded pictures are deleted! Meghan Markle's psychotic night out with N
28-04-2026/20260428 6 Duchess Sophie REVEALS Queen’s SEALED Letter For Kate… What Camilla Did Left Palace In SHOCK
28-04-2026/20260428 7 FDA Targets As Ever, 19 Violations Alleged, Infection Hazards in Meghans 
28-04-2026/20260428 8 Harry and Meghans New Lawsuit NIGHTMARE, Lauren Sanchez Is Happy and Not 
28-04-2026/20260428 9 Here's Why I Had To Keep My Sister A Secret - Prince William
20260519 The Royalist/20260519 1 Prince William Made Daring Move Against Camilla Over Princess Annes Event Shocking Everyone
20260519 The Royalist/20260519 10 Meghan_s Staff Expose Shocking Way She Treats Them  The Royalist Podcast_out
20260519 The Royalist/20260519 11 NEW ORDER Princess Charlotte REFUSES To Acknowledge Camilla As Grandmother_out
20260519 The Royalist/20260519 12 Prince Harry HUMILIATED As House of Lords Moves To Strip Titles (It’s BAD!)_out
20260519 The Royalist/20260519 13 Prince Harry LOSES IT over Princess Charlotte as Charles erases Meghan Markle Nervous breakdown!_out
20260519 The Royalist/20260519 14 Prince William BRUTAL putdown to Meghan Markle & Prince Harry as Palace wins feud You_re worthless_out
20260519 The Royalist/20260519 15 Tom Bower This Is How Harry Can Come Home—Alone_out
20260519 The Royalist/20260519 16 Meghan Markle plotting to BRING DOWN Catherine Princess of Wales in ongoing feud In her sights!_out
20260519 The Royalist/20260519 17 Meghan Markle_s CONTEMPT & DISDAIN for men revealed in shocking new video Victimise her husband!_out
20260519 The Royalist/20260519 18 SHOCKING Palace Responds to Meghan Markle Surrogacy Scandal for First Time_out
20260519 The Royalist/20260519 2 Anne Exposes Meghan_s Pregnancy Contract. Harsh Terms Being Applied to Harry Are Made Public_out
20260519 The Royalist/20260519 3 Breaking point Meghan Markle & Prince Harry_s marriage strain over money as she wants billionaire_out
20260519 The Royalist/20260519 4 Crazy! Meghan Markle_s Archie birth questioned by the Queen who ticked her off for RUDENESS_out
20260519 The Royalist/20260519 5 Doubts & suspicions Prince William DNA test demand over Meghan Markle two births amid bully report_out
20260519 The Royalist/20260519 6 James Alexander TAKES Harry’s Place Beside William!_out
20260519 The Royalist/20260519 7 Major scandal! Prince Harry_s Invictus Games in CRISIS as he faces AXE from yet another charity_out
20260519 The Royalist/20260519 8 Meghan Markle HUMILIATED in Geneva as only TEN people show up for odd speech as she touches nose_out
20260519 The Royalist/20260519 9 Meghan Markle secret recordings & detailed notes to destroy Harry & royals Documenting EVERYTHING_out
31052026/[English (auto-generated)] BREAKING Princess Catherine STUNS Entire UK With Surprise Announcement Ab
31052026/[English (auto-generated)] Catherine HUMILIATES Camilla At State Banquet  William BACKS Her In Front
31052026/[English (auto-generated)] Catherine ORDERS Camilla's Daughter DRAGGED OUT Of Windsor! SHOCKING Beha
31052026/[English (auto-generated)] Duke Of Kent SHOCKS Palace 'My Crown Jewels Go To Catherine  NOT Camilla!
31052026/[English (auto-generated)] End! Harry's Hardship of Ordinary Life. US Scans Visa Files! Stripped of
31052026/[English (auto-generated)] King Charles Accepts the Abdication Scenario. Charles Chooses His Son and
31052026/[English (auto-generated)] King Charles Sides with William! Camillas Family Stripped of Millions in
31052026/[English (auto-generated)] King Charles' Doctor Just Leaked His REAL Diagnosis  The Palace Is In Com
31052026/[English (auto-generated)] Prince Harry IN SHOCK After Dianas Brother BREAKS SILENCE On Meghan Markl
31052026/[English (auto-generated)] Princess Anne EXPOSES Queen Elizabeths Secret Order Blocking Camilla From
31052026/[English (auto-generated)] Royal Family SHOCKED After Edward's Lawyers Confirm He Inherits What Char
31052026/[English (auto-generated)] Royal Family's HUGE Announcement About Princess Diana's Tomb Just Shocks
31052026/[English (auto-generated)] The Jewels Queen Elizabeth Denied Camilla  Because They Were Catherine's!
31052026/[English (auto-generated)] WILLIAM ERUPTS After Tom PARKER BOWLES Is CAUGHT Inside SANDRINGHAM [Down
31052026/[English (auto-generated)] WILLIAM Just Discovers 18 Hidden Letters CAMILLA Never Wanted CHARLES To
20260607/20260607 1 King Charles DEVASTATED As Trustees Confirm Dianas Trust fund Only Names
20260607/20260607 10 Royal Guard SMASHES Camillas Granddaughter's Wardrobe & FINDS Late Queens
20260607/20260607 11 JUST NOW William STOPS Camillas Private Summer Stay  The Estate Is MINE N
20260607/20260607 12 1 MIN AGO Princess Catherine & William We Can't Hide This Anymore [DownSu
20260607/20260607 13 King Charles Just Took Camilla's Crown And Gave It To Catherine  Her Fina
20260607/20260607 14 Princess Anne DRAGS Camillas Daughter Into COURT After ILLEGALLY Using Ba
20260607/20260607 15 Ex-Royal Servant’s Bombshell “I Saw Camilla Leave Queen Elizabeth’s Room Before Her Death”
20260607/20260607 2 1 MIN AGO King Charles Signs Emergency OrderCatherine Is Now The SOLE Gua
20260607/20260607 3 Prince William SEIZES Balmoral After Camillas Grandchild Brutally Insulte
20260607/20260607 4 Tries to drown you Prince Harry breakdown over Prince George is Meghan Ma
20260607/20260607 5 Reunion destroyed Prince Harry & Meghan Markle lies about Queen destroy r
20260607/20260607 6 All kicked off! Royal wedding feud as Prince William reacts with outrage
20260607/20260607 7 Meghan Markle lashes out as she releases fake new Lili birthday picture P
20260607/20260607 8 King must act now Meghan Markle launches sick new trolling attack on Cath
20260607/20260607 9 Andrews Photo Reveal Leaves Harry Stunned as Meghans Past Faces New Scrut
20260610/[English (auto-generated)] 1 MINUTE AGO Prince William Signs Royal Order Choosing Family Over Crown
20260610/[English (auto-generated)] Before His Death, Prince Phillip FINALLY Admitted Why He REFUSED To Live
20260610/[English (auto-generated)] Fans Stuns Over Princess Charlotte's Growing Transition To Being Princess
20260610/[English (auto-generated)] FBI Opened Princess Dianas Tomb, What They Found Will Shock You! [DownSub
20260610/[English (auto-generated)] JUST IN Prince William CONFIRMS Final Decree To Strip Meghans Titles Afte
20260610/[English (auto-generated)] Meghan Markle ROCKED by Tom Bowers Invictus Veterans Comments  Debate Hea
20260610/[English (auto-generated)] Prince Edward Finally speaks out I Tried To Warn Her [DownSub.com]
20260610/[English (auto-generated)] Prince William WALKS OUT Of Royal Ascot After Discovering Camillas Family
20260610/[English (auto-generated)] Princess Alexandra Hands Catherine the Queen Mothers Private Jewels, Bypa
20260610/[English (auto-generated)] Princess Charlotte Breaks Down on Live TV & Leaves Everyone in Awe [DownS
20260610/[English (auto-generated)] Royal Prince William FINALLY Takes LEGAL Action Against Camilla! [DownSub
20260610/[English (auto-generated)] They Opened Camilla's Garage And What They Found Inside Will SHOCK You [D
20260610/[English (auto-generated)] What They Found Behind Andrew Bedroom Wall Left Royal Family Speechless [
20260610/[English (auto-generated)] William & King Charles SPEECHLESS As Princess Anne Reveals Queen's Import
20260610/New Revelations Blow Andrew Epstein Royal Coverup Apart The Royalist [English (auto-generated)] [DownloadYoutubeSubtitles.com]
20260618/[English (auto-generated)] 1 MIN AGO Royal Succession Crisis EXPLODES After Camilla Moves Against Wi
20260618/[English (auto-generated)] BREAKING Royal Exile Now FINAL After King Charles Publicly REFUSES to See
20260618/[English (auto-generated)] Camilla BLOCKED From Williams Coronation After Her Sons CONFESSION - Prin
20260618/[English (auto-generated)] Camilla ESCORTED Out Of London At 4 AM After Princess Annes Husband REVEA
20260618/[English (auto-generated)] Camilla PLEADS With William To SAVE Her Sister After Metropolitan Special
20260618/[English (auto-generated)] Camilla's Plane RAIDED While Fleeing U.K After THIS Was Discovered On Her
20260618/[English (auto-generated)] Catherine ORDERS Camillas Daughter DRAGGED OUT Of Windsor After INSULTING
20260618/[English (auto-generated)] Duchess Sophie GOES NUTS At State Dinner After Camilla SECRETLY Wears Lat
20260618/[English (auto-generated)] He's Been Waiting for the Call - Tragic Harry Just Wants to Come Home HIG
20260618/[English (auto-generated)] Prince Edward Found Queens HISTORIC Crown Left For Catherine, Leaving Cam
20260618/[English (auto-generated)] Prince William Appoints Catherines Mother in Charge of Charlottes Securit
20260618/[English (auto-generated)] Princess Anne JOINS Forces With William To AVENGE Diana! Camilla FACES He
20260618/[English (auto-generated)] Sophie Exposes Secret Royal Files, Shocking Discovery Completely Destroys
20260618/[English (auto-generated)] The Palace Made A Major Update About Princess Charlotte After King Charle
20260618/[English (auto-generated)] William CAUGHT Queen Camilla's Son Inside The Royal Vault At 2AM  Securit
20260619/[English (auto-generated)] 1 MIN AGO Princess Charlotte SURPRISES Everyone by Saying Goodbye to Kens
20260619/[English (auto-generated)] Buckingham Palace Trembles After Prince Andrew Reads Out Late Queen's LAS
20260619/[English (auto-generated)] Carole Middleton's UNEXPECTED DECISION Leaves Queen Camilla in Tears! [Do
20260619/[English (auto-generated)] Catherine GOES NUTS After Camilla Caught Bullying Her Daughter Princess C
20260619/[English (auto-generated)] Fans Stuns Over Princess Charlotte's Growing Transition To Being Princess
20260619/[English (auto-generated)] King Charles is FURIOUS! Kicks Camilla OUT of the PALACE and forced her t
20260619/[English (auto-generated)] King Charles KICKS OUT Camilla After She Claims The Late Queens Property
20260619/[English (auto-generated)] Prince Georges Private Nanny Got Fired After 9 Years  What She Did Next W
20260619/[English (auto-generated)] Prince Philip's Sealed Letter Opened Catherine can Access to My Personal
20260619/[English (auto-generated)] Prince William Becomes Owner of Diana's Secret Estate, Leaving Camilla's
20260619/[English (auto-generated)] Prince William Becomes Owner of Queens Private Estate, Leaving Camillas F
20260619/[English (auto-generated)] Prince William Explains Why His Sister Was Always A Secret [DownSub.com]
20260619/[English (auto-generated)] Prince William KICKS OUT Camilla Of His Mother's Awards! [DownSub.com]
20260619/[English (auto-generated)] Prince William Mocked by Famous Pianist  Then he Played and Silenced the
20260619/[English (auto-generated)] Princess Anne JUST Revealed Why Prince Philip Didn't Live With the Queen!
20260619/[English (auto-generated)] Princess Anne Reveals The Kings Final Wish, Prince William and Harry Are
20260619/[English (auto-generated)] Princess Charlotte Boarded a Plane in Disguise! Flight Attendant's Behavi
20260619/[English (auto-generated)] Princess Charlotte FINALLY Gets Rare Royal Title From King Charles at Fre
20260619/[English (auto-generated)] Princess Charlotte STUNS the Entire Country With This POWERFUL Speech, Ge
20260619/[English (auto-generated)] Princess Diana's Brother Breaks Silence on Diana, Leaving Everyone Speech
20260619/[English (auto-generated)] Princess Dianas Lost Letter to Prince William Finally Revealed [DownSub.c
20260619/[English (auto-generated)] Princess Dianas Lost Letter to Princess Anne Finally Revealed [DownSub.co
20260619/[English (auto-generated)] Queen Camilla KICKED OUT Of Royal Family After Prince Harry REVEALED This
20260619/[English (auto-generated)] Queen Camilla KICKED OUT Of Royal Family After Princess Anne Made a Distu
20260619/[English (auto-generated)] Queen Camilla Sentence Is Final, Goodbye Forever [DownSub.com]
20260619/[English (auto-generated)] Queen Camilla STUNS Entire UK With This Announcement [DownSub.com]
20260619/[English (auto-generated)] Silence Fell as Prince Louis Bowed His HeadEven the Monarch Was Speechles
20260619/[English (auto-generated)] William & King Charles SPEECHLESS As Princess Anne Reveals Queen's Import
20260619/[English (auto-generated)] William FURIOUS After Camilla FORCES Kate to Lend Her Royal Tiara [DownSu
20260619/[English (auto-generated)] William STRIPS Royal Title After Camillas Granddaughter CAUGHT Bullying P
20260625 German/20260625 1 15 Fortunes Camilla Will LOSE the Second Charles Is Gone
20260625 German/20260625 10 15 Royal Jewels William Will NEVER Let Camilla Wear Again
20260625 German/20260625 11 15 Things Camilla Is BEGGING Charles to Guarantee Before He Dies  William
20260625 German/20260625 12 15 Things Camilla Is LOSING Right Now That She Will NEVER Get Back
20260625 German/20260625 13 15 Things Catherine Has From Diana That PROVE Camilla Was NEVER Worthy
20260625 German/20260625 14 15 Things Charles Said About Diana That PROVE Camilla Was the Problem
20260625 German/20260625 15 15 Things Karma Is Taking From Camilla Right Now for Diana
20260625 German/20260625 16 15 Times Princess Anne PUBLICLY Chose Diana Over Camilla
20260625 German/20260625 17 15 Titles Camilla Will NEVER Keep Once Diana's HRH Is Restored
20260625 German/20260625 18 15 Warnings Princess Anne Gave William About Camilla He's Acting On
20260625 German/20260625 19 15 Ways William Will HONOR DIANA That Will Break Camillas Heart
20260625 German/20260625 2 15 Laws That PROVE Diana's HRH Will Be Restored and Camilla's Stripped
20260625 German/20260625 20 20 Acts Camilla Did to Diana William Now Punishes Forever
20260625 German/20260625 21 20 Powers Charles Handed William That ERASE Camilla's Entire Future
20260625 German/20260625 22 20 Reasons Camilla Will NEVER Be Accepted as a Real Queen
20260625 German/20260625 23 20 Signs Camilla's Time as Queen Is ENDING  And She Knows It
20260625 German/20260625 24 20 Signs Charles Already LEFT Camilla (They Hid It)
20260625 German/20260625 25 20 Things Charles Did to Diana That Are Now Happening to Him  The Karma I
20260625 German/20260625 26 20 Things Charles STOLE From Diana That William Will TAKE BACK
20260625 German/20260625 27 20 Things Princess Anne and William Will NEVER Let Camilla Get Away With
20260625 German/20260625 28 20 Things Tom Bower WARNED About Camilla That Have FINALLY Been PROVEN Tr
20260625 German/20260625 29 20 WARNINGS Diana Left for William About Camilla  He's Acting on Every On
20260625 German/20260625 3 15 Moments That PROVE William Has NEVER Trusted Camilla
20260625 German/20260625 30 20 Ways Diana Built the King That Will End Camilla
20260625 German/20260625 31 20 Ways William AVENGES Diana on Camilla Forever
20260625 German/20260625 32 After 28 Years, Diana Is Winning Again
20260625 German/20260625 33 Camilla Is (Finally) Getting What She Deserves
20260625 German/20260625 34 Charles is (Finally) Paying For Everything
20260625 German/20260625 35 Craig Hamilton Parker's 7 NEW Predictions About King Charles  #4 Changes
20260625 German/20260625 36 What Happens to Camilla the Day William Takes the Crown
20260625 German/20260625 37 William CUTS OFF the Camillas Family Perks Charles Quietly Protected
20260625 German/20260625 4 15 Most ARROGANT Things Camilla Has Done Since Becoming Queen
20260625 German/20260625 5 15 Names Britain Gave Camilla That Will NEVER Go Away
20260625 German/20260625 6 15 Reasons Camilla Will NEVER Stop Being the Mistress
20260625 German/20260625 7 15 Reasons William Will Never Make Camilla Queen Mother
20260625 German/20260625 8 15 Roles William Took Back for Diana That BAR Camilla
20260625 German/20260625 9 15 Royal Jewel Rules Princess Anne IS USING to Protect Queen Elizabeth's
20260626 royalist/20260626 1 BREAKING King Charles SHOCKS Entire UK After Signing This Secret Document About Catherine
20260626 royalist/20260626 10 Catherine Inherits Dianas Secret Royal Jewels And Camilla Is Reportedly F
20260626 royalist/20260626 11 Catherine Takes Control As Camilla Loses Ground In Front Of Millions! [Do
20260626 royalist/20260626 12 Catherine TRUSTED With Elizabeth IIS SECRET Vault! Heirloom Jewels REVEAL
20260626 royalist/20260626 13 Catherine's Mother SHOCKED And REJECTED At Private Cottage! SECRET Order
20260626 royalist/20260626 14 King Charles STUNS The Nation With SHOCKING Decision To GRANT Princess An
20260626 royalist/20260626 15 Prince Edward TAKES REVENGE! Camilla's BOLD ATTEMPT To Reclaim Estate And
20260626 royalist/20260626 16 Prince William DEFIES Palace ProtocolCamillas Sister Hit With Stunning As
20260626 royalist/20260626 17 Prince William Draws A Hard Line On Dianas Memory  Camilla Officially Sid
20260626 royalist/20260626 18 Prince William Reportedly Blocks Camillas Relatives From Royal Box After
20260626 royalist/20260626 19 Prince William SEIZES Supreme Power & THROWS Camilla Out After Her SECRET
20260626 royalist/20260626 2 BREAKING King Charles SHOCKS Entire UK After Signing This Secret Document About Harry
20260626 royalist/20260626 20 Prince William SHOCKS Everyone By Expelling Camillas Grandson From Windso
20260626 royalist/20260626 21 Prince William SHOCKS Palace With Move Against Camillas SisterQueens Orde
20260626 royalist/20260626 22 Prince William SHOCKS The World! DEVASTATING News About King Charles Amid
20260626 royalist/20260626 23 Princess Anne SHOCKS The Entire UK With A MAJOR Announcement About Her Ro
20260626 royalist/20260626 24 Princess Catherine REVEALS SHOCKING Secret Schemes Of Queen Camilla At PR
20260626 royalist/20260626 25 William QUIETLY REMOVES Camilla's Guests! SHOCKING Move ROCKS Anne's Even
20260626 royalist/20260626 26 William SHOCKS Everyone By INVOKING 1772 Royal Marriages Law! Camilla's F
20260626 royalist/20260626 27 William Uncovers Camillas Daughters Hidden Diana Connection! William Just
20260626 royalist/20260626 3 BREAKING Charles Strips Camilla 'QUEEN CONSORT' Title In A Shocking State
20260626 royalist/20260626 4 BREAKING King Charles STUNS Entire UK With  Announcement About Archie And
20260626 royalist/20260626 5 BREAKING King Charles STUNS Entire UK With This Announcement About Camill
20260626 royalist/20260626 6 BREAKING Princess Anne HONORS Charlotte With Royal Tiara & DEMANDS Camill
20260626 royalist/20260626 7 Camilla CAUGHT On Camera! Catherine Enters Wearing Queen's SACRED Tiara!
20260626 royalist/20260626 8 Camilla HUMILIATED As Johnny Thompson Blocks Her Trusted Circle Under Wil
20260626 royalist/20260626 9 Camilla SHOCKS Everyone By SELLING Ray Mill House In Just 48 Hours After
20260625 German/20260630 royal document story/20260630 1 Angela Levin Finally SPEAKS On Harry & Meghan_s Archie & Lilibet Drama An
20260625 German/20260630 royal document story/20260630 10 King Charles Orders Camilla_s Diamond Brooch Collection Transferred to Ca
20260625 German/20260630 royal document story/20260630 11 King Charles REJECTS Harry_s Children Blackmail And The Fallout Is Catast
20260625 German/20260630 royal document story/20260630 12 King Charles STUNS Entire UK With This Announcement About Camilla_s Futur
20260625 German/20260630 royal document story/20260630 13 Meghan Is FINISHED After The State Makes Her $63M Charity Scandal Officia
20260625 German/20260630 royal document story/20260630 14 Meghan Just Lost EVERYTHING William_s 4-Day Plan to strip Meghan Title [D
20260625 German/20260630 royal document story/20260630 15 Meghan Markles As Ever Drama EXPLODES After Embarrassing Email Leak [Down
20260625 German/20260630 royal document story/20260630 16 Meghan PANICS After Invictus COLLAPSES The Boeing Exit She Can_t UNDO (Bo
20260625 German/20260630 royal document story/20260630 17 Meghan PANICS as State CONFIRMS The $63M Charity Scandal She CAN_T Walk A
20260625 German/20260630 royal document story/20260630 18 Meghan PANICS as Tom Bower REVEALS The Man Who STOPPED Every Bad Story Ab
20260625 German/20260630 royal document story/20260630 19 Peter Phillips Just EXPOSED The Truth About Harry And It_s Devastating [D
20260625 German/20260630 royal document story/20260630 2 BREAKING King Charles STUNS Entire UK After Signing Document About Camill
20260625 German/20260630 royal document story/20260630 20 Prince William Destroys Harry & Meghan In Front Of 4 Million Viewers With
20260625 German/20260630 royal document story/20260630 21 Princess Diana_s Brother FINALLY Breaks Silence And It_s Bad [DownSub.com
20260625 German/20260630 royal document story/20260630 22  Trevor Engelson Finally Speaks Out After 15 Years  His Archie Comments Le
20260625 German/20260630 royal document story/20260630 3 BREAKING King Charles STUNS Entire UK After Signing Secret Document About
20260625 German/20260630 royal document story/20260630 4 Charles & William Halt State Banquet After Camilla Sits in Princess Charl
20260625 German/20260630 royal document story/20260630 5 Charles LOSES CONTROL After Camilla ATTACKS Princess Anne in Front of Sta
20260625 German/20260630 royal document story/20260630 6 Diana_s Sister FINALLY Speaks On Meghan  And Harry Never Saw It Coming! [
20260625 German/20260630 royal document story/20260630 7 Harry & Meghan REMOVED From FIFA World Cup  Beckham & William_s Feud Did
20260625 German/20260630 royal document story/20260630 8 Harry ERUPTS As DNA Claims Hit Tom Bower And Lady Campbell
20260625 German/20260630 royal document story/20260630 9 Helen Mirren DESTROYS Meghan Markle LIVE On Graham Norton Show  Audience
20260630 royal document story/20260630 1 Angela Levin Finally SPEAKS On Harry & Meghan_s Archie & Lilibet Drama An
20260630 royal document story/20260630 10 King Charles Orders Camilla_s Diamond Brooch Collection Transferred to Ca
20260630 royal document story/20260630 11 King Charles REJECTS Harry_s Children Blackmail And The Fallout Is Catast
20260630 royal document story/20260630 12 King Charles STUNS Entire UK With This Announcement About Camilla_s Futur
20260630 royal document story/20260630 13 Meghan Is FINISHED After The State Makes Her $63M Charity Scandal Officia
20260630 royal document story/20260630 14 Meghan Just Lost EVERYTHING William_s 4-Day Plan to strip Meghan Title [D
20260630 royal document story/20260630 15 Meghan Markles As Ever Drama EXPLODES After Embarrassing Email Leak [Down
20260630 royal document story/20260630 16 Meghan PANICS After Invictus COLLAPSES The Boeing Exit She Can_t UNDO (Bo
20260630 royal document story/20260630 17 Meghan PANICS as State CONFIRMS The $63M Charity Scandal She CAN_T Walk A
20260630 royal document story/20260630 18 Meghan PANICS as Tom Bower REVEALS The Man Who STOPPED Every Bad Story Ab
20260630 royal document story/20260630 19 Peter Phillips Just EXPOSED The Truth About Harry And It_s Devastating [D
20260630 royal document story/20260630 2 BREAKING King Charles STUNS Entire UK After Signing Document About Camill
20260630 royal document story/20260630 20 Prince William Destroys Harry & Meghan In Front Of 4 Million Viewers With
20260630 royal document story/20260630 21 Princess Diana_s Brother FINALLY Breaks Silence And It_s Bad [DownSub.com
20260630 royal document story/20260630 22  Trevor Engelson Finally Speaks Out After 15 Years  His Archie Comments Le
20260630 royal document story/20260630 3 BREAKING King Charles STUNS Entire UK After Signing Secret Document About
20260630 royal document story/20260630 4 Charles & William Halt State Banquet After Camilla Sits in Princess Charl
20260630 royal document story/20260630 5 Charles LOSES CONTROL After Camilla ATTACKS Princess Anne in Front of Sta
20260630 royal document story/20260630 6 Diana_s Sister FINALLY Speaks On Meghan  And Harry Never Saw It Coming! [
20260630 royal document story/20260630 7 Harry & Meghan REMOVED From FIFA World Cup  Beckham & William_s Feud Did
20260630 royal document story/20260630 8 Harry ERUPTS As DNA Claims Hit Tom Bower And Lady Campbell
20260630 royal document story/20260630 9 Helen Mirren DESTROYS Meghan Markle LIVE On Graham Norton Show  Audience
20260703 royal document story spainish/20260703 1 Angela Levin Finally SPEAKS On Harry & Meghan_s Archie & Lilibet Drama An_out
20260703 royal document story spainish/20260703 10 King Charles Orders Camilla_s Diamond Brooch Collection Transferred to Ca_out
20260703 royal document story spainish/20260703 11 King Charles REJECTS Harry_s Children Blackmail And The Fallout Is Catast_out
20260703 royal document story spainish/20260703 12 King Charles STUNS Entire UK With This Announcement About Camilla_s Futur_out
20260703 royal document story spainish/20260703 13 Meghan Is FINISHED After The State Makes Her $63M Charity Scandal Officia_out
20260703 royal document story spainish/20260703 14 Meghan Just Lost EVERYTHING William_s 4-Day Plan to strip Meghan Title [D_out
20260703 royal document story spainish/20260703 15 Meghan Markles As Ever Drama EXPLODES After Embarrassing Email Leak [Down_out
20260703 royal document story spainish/20260703 16 Meghan PANICS After Invictus COLLAPSES The Boeing Exit She Can_t UNDO (Bo_out
20260703 royal document story spainish/20260703 17 Meghan PANICS as State CONFIRMS The $63M Charity Scandal She CAN_T Walk A_out
20260703 royal document story spainish/20260703 18 Meghan PANICS as Tom Bower REVEALS The Man Who STOPPED Every Bad Story Ab_out
20260703 royal document story spainish/20260703 19 Peter Phillips Just EXPOSED The Truth About Harry And It_s Devastating [D_out
20260703 royal document story spainish/20260703 2 BREAKING King Charles STUNS Entire UK After Signing Document About Camill_out
20260703 royal document story spainish/20260703 20 Prince William Destroys Harry & Meghan In Front Of 4 Million Viewers With_out
20260703 royal document story spainish/20260703 21 Princess Diana_s Brother FINALLY Breaks Silence And It_s Bad [DownSub.com_out
20260703 royal document story spainish/20260703 22  Trevor Engelson Finally Speaks Out After 15 Years  His Archie Comments Le_out
20260703 royal document story spainish/20260703 3 BREAKING King Charles STUNS Entire UK After Signing Secret Document About_out
20260703 royal document story spainish/20260703 4 Charles & William Halt State Banquet After Camilla Sits in Princess Charl_out
20260703 royal document story spainish/20260703 5 Charles LOSES CONTROL After Camilla ATTACKS Princess Anne in Front of Sta_out
20260703 royal document story spainish/20260703 6 Diana_s Sister FINALLY Speaks On Meghan  And Harry Never Saw It Coming! [_out
20260703 royal document story spainish/20260703 7 Harry & Meghan REMOVED From FIFA World Cup  Beckham & William_s Feud Did_out
20260703 royal document story spainish/20260703 8 Harry ERUPTS As DNA Claims Hit Tom Bower And Lady Campbell_out
20260703 royal document story spainish/20260703 9 Helen Mirren DESTROYS Meghan Markle LIVE On Graham Norton Show  Audience_out
20260705 spanish/20260705 1 BREAKING King Charles SHOCKS Entire UK After Signing New Law On Royal Suc
20260705 spanish/20260705 10 King Charles SHOCKED And IN TEARS After Discovering Anne's Heartfelt Lett
20260705 spanish/20260705 11 King Charles SHOCKS The Entire UK! NEW Law On Royal Succession Signed Wit
20260705 spanish/20260705 12 Prince William TAKES CONTROL Of Queens Private Estate! Camillas Family LE
20260705 spanish/20260705 13 Princess Anne FINALLY Wins! Camilla Left STUNNED as Lawyers Reveal the Sa
20260705 spanish/20260705 14 Princess Diana's Brother SHOCKS Everyone By FINALLY Breaking Silence! It'
20260705 spanish/20260705 15 Royal Family STUNNED As Edward's Lawyers CONFIRM He Inherits What Charles
20260705 spanish/20260705 16 William SLAMS Camillas Family With Funding CUTS! Ex-Husband's BOMBSHELL R
20260705 spanish/20260705 2 BREAKING King Charles SHOCKS Entire UK After Signing This Secret Document
20260705 spanish/20260705 3 BREAKING King Charles SHOCKS UK After Signing Controversial Document On C
20260705 spanish/20260705 4 BREAKING King Charles STUNNED Entire UK After Stripping Camilla's Final T
20260705 spanish/20260705 5 BREAKING King Charles STUNS Entire UK After Signing Document About Camill
20260705 spanish/20260705 6 BREAKING King Charles STUNS Entire UK After Signing Secret Document About
20260705 spanish/20260705 7 BREAKING King Charles STUNS Entire UK With  Announcement About Archie And
20260705 spanish/20260705 8 BREAKING King Charles STUNS UK By Removing Camilla From Royal Succession
20260705 spanish/20260705 9 Camilla's Son Makes ARROGANT Demand That BACKFIRES! Princess Anne STRIKES
20260710/[English (auto-generated)] 1 MIN AGO King Charles FINALLY REVEALS The Truth Why He Really Wants To A
20260710/[English (auto-generated)] 1 MIN AGO! Palace Confirms Harry and Meghan Will Never Return - The Door
20260710/[English (auto-generated)] 3 MIN AGO Princess Anne CONFIRMS Meghan Erased From Royal Records As Will
20260710/[English (auto-generated)] 3 MIN AGO Princess Anne REJECTS Meghan's Final Plea As Palace Confirms Th
20260710/[English (auto-generated)] 3 MIN AGO William OVERRULES Harry Desperate Plea As Palace Confirms There
20260710/[English (auto-generated)] 5 MINUTES AGO Prince William & Anne CONFIRMS Tragic News About King Charl
20260710/[English (auto-generated)] BREAKING Camilla Left Speechless After King Charles' Sudden Royal Announc
20260710/[English (auto-generated)] BREAKING Carole Middleton's Unexpected Decision Leaves Camilla In Tears [
20260710/[English (auto-generated)] BREAKING Prince William STUNS Entire UK With This Announcement About Cami
20260710/[English (auto-generated)] BREAKING! Prince Harry LOSES ALL CLAIMS! Lawyer Reacts To Massive Court E
20260710/[English (auto-generated)] George Officially Becomes Direct Heir! Camilla's Children EXCLUDED From S
20260710/[English (auto-generated)] Harry LOSES IT After Invictus Board Demands His Removal Over $55M Controv
20260710/[English (auto-generated)] JUST IN Charles Redirects Sussex Trust Fund To William's Children In Secr
20260710/[English (auto-generated)] King Charles Furious with Harry. Last-Minute Cancell Invitation; Declares
20260710/[English (auto-generated)] Prince Harry Furious After Meghan Skips His Invictus Trip [DownSub.com]
20260710/[English (auto-generated)] Princess Diana's Brother BREAKS Silence After Learning a DISTURBING SECRE
20260710/[English (auto-generated)] Queen Camilla SPEECHLESS After Charles Confirms Final Decision About Her
20260710/[English (auto-generated)] Royal Family SHOCKS Nation With BOLD Announcement Regarding Queen Camilla
20260710/[English (auto-generated)] Samantha Markle Just Dropped DNA Evidence That Changes Everything [DownSu
20260710/[English (auto-generated)] Tom Bower The Decline Of Meghan Markle & Prince Harry Has Begun [DownSub
20260710/[English (auto-generated)] Why Harry IS LOSING the Security Battle (Just As I Predicted)  The Royali
20260710/[English (auto-generated)] William DECLARES Camilla Will Be BANNED From His Coronation! SHOCKING Con
20260710/[English (auto-generated)] William REFUSES Camilla's Request To Change Charlotte's Position At Royal
20260710/[English (auto-generated)] Yes, Charles DID Cover Up Andrew's Heinous Crimes  The Royalist [DownSub
20260607/20260607 10 Royal Guard SMASHES Camillas Granddaughter_s Wardrobe & FINDS Late Queens
20260607/20260607 12 1 MIN AGO Princess Catherine & William We Can_t Hide This Anymore [DownSu
20260607/20260607 13 King Charles Just Took Camilla_s Crown And Gave It To Catherine  Her Fina
20260610/[English (auto-generated)] Fans Stuns Over Princess Charlotte_s Growing Transition To Being Princess
20260610/[English (auto-generated)] They Opened Camilla_s Garage And What They Found Inside Will SHOCK You [D
20260610/[English (auto-generated)] William & King Charles SPEECHLESS As Princess Anne Reveals Queen_s Import
20260618/[English (auto-generated)] Camilla_s Plane RAIDED While Fleeing U.K After THIS Was Discovered On Her
20260618/[English (auto-generated)] He_s Been Waiting for the Call - Tragic Harry Just Wants to Come Home HIG
20260618/[English (auto-generated)] William CAUGHT Queen Camilla_s Son Inside The Royal Vault At 2AM  Securit
20260619/[English (auto-generated)] Buckingham Palace Trembles After Prince Andrew Reads Out Late Queen_s LAS
20260619/[English (auto-generated)] Carole Middleton_s UNEXPECTED DECISION Leaves Queen Camilla in Tears! [Do
20260619/[English (auto-generated)] Fans Stuns Over Princess Charlotte_s Growing Transition To Being Princess
20260619/[English (auto-generated)] Prince Philip_s Sealed Letter Opened Catherine can Access to My Personal
20260619/[English (auto-generated)] Prince William Becomes Owner of Diana_s Secret Estate, Leaving Camilla_s
20260619/[English (auto-generated)] Prince William KICKS OUT Camilla Of His Mother_s Awards! [DownSub.com]
20260619/[English (auto-generated)] Princess Anne JUST Revealed Why Prince Philip Didn_t Live With the Queen!
20260619/[English (auto-generated)] Princess Charlotte Boarded a Plane in Disguise! Flight Attendant_s Behavi
20260619/[English (auto-generated)] Princess Diana_s Brother Breaks Silence on Diana, Leaving Everyone Speech
20260619/[English (auto-generated)] William & King Charles SPEECHLESS As Princess Anne Reveals Queen_s Import
20260625 German/20260625 17 15 Titles Camilla Will NEVER Keep Once Diana_s HRH Is Restored
20260625 German/20260625 18 15 Warnings Princess Anne Gave William About Camilla He_s Acting On
20260625 German/20260625 2 15 Laws That PROVE Diana_s HRH Will Be Restored and Camilla_s Stripped
20260625 German/20260625 21 20 Powers Charles Handed William That ERASE Camilla_s Entire Future
20260625 German/20260625 23 20 Signs Camilla_s Time as Queen Is ENDING  And She Knows It
20260625 German/20260625 29 20 WARNINGS Diana Left for William About Camilla  He_s Acting on Every On
20260625 German/20260625 35 Craig Hamilton Parker_s 7 NEW Predictions About King Charles  #4 Changes
20260625 German/20260625 9 15 Royal Jewel Rules Princess Anne IS USING to Protect Queen Elizabeth_s
20260626 royalist/20260626 13 Catherine_s Mother SHOCKED And REJECTED At Private Cottage! SECRET Order
20260626 royalist/20260626 15 Prince Edward TAKES REVENGE! Camilla_s BOLD ATTEMPT To Reclaim Estate And
20260626 royalist/20260626 25 William QUIETLY REMOVES Camilla_s Guests! SHOCKING Move ROCKS Anne_s Even
20260626 royalist/20260626 26 William SHOCKS Everyone By INVOKING 1772 Royal Marriages Law! Camilla_s F
20260626 royalist/20260626 3 BREAKING Charles Strips Camilla _QUEEN CONSORT_ Title In A Shocking State
20260626 royalist/20260626 7 Camilla CAUGHT On Camera! Catherine Enters Wearing Queen_s SACRED Tiara!
20260705 spanish/20260705 10 King Charles SHOCKED And IN TEARS After Discovering Anne_s Heartfelt Lett
20260705 spanish/20260705 14 Princess Diana_s Brother SHOCKS Everyone By FINALLY Breaking Silence! It_
20260705 spanish/20260705 15 Royal Family STUNNED As Edward_s Lawyers CONFIRM He Inherits What Charles
20260705 spanish/20260705 16 William SLAMS Camillas Family With Funding CUTS! Ex-Husband_s BOMBSHELL R
20260705 spanish/20260705 4 BREAKING King Charles STUNNED Entire UK After Stripping Camilla_s Final T
20260705 spanish/20260705 9 Camilla_s Son Makes ARROGANT Demand That BACKFIRES! Princess Anne STRIKES
20260710/[English (auto-generated)] 3 MIN AGO Princess Anne REJECTS Meghan_s Final Plea As Palace Confirms Th
20260710/[English (auto-generated)] BREAKING Camilla Left Speechless After King Charles_ Sudden Royal Announc
20260710/[English (auto-generated)] BREAKING Carole Middleton_s Unexpected Decision Leaves Camilla In Tears [
20260710/[English (auto-generated)] George Officially Becomes Direct Heir! Camilla_s Children EXCLUDED From S
20260710/[English (auto-generated)] JUST IN Charles Redirects Sussex Trust Fund To William_s Children In Secr
20260710/[English (auto-generated)] King Charles Furious with Harry. Last-Minute Cancell Invitation_ Declares
20260710/[English (auto-generated)] Princess Diana_s Brother BREAKS Silence After Learning a DISTURBING SECRE
20260710/[English (auto-generated)] William REFUSES Camilla_s Request To Change Charlotte_s Position At Royal
20260710/[English (auto-generated)] Yes, Charles DID Cover Up Andrew_s Heinous Crimes  The Royalist [DownSub
20260721 noble royal news/[English (auto-generated)] 5 MINUTES AGO Prince William & Catherine CONFIRMS Camilla Has Been STRIPP
20260721 noble royal news/[English (auto-generated)] BREAKING Camilla Left Speechless After King Charles' Sudden Royal Announc
20260721 noble royal news/[English (auto-generated)] BREAKING Charles Strips Camilla Of 'HRH' Status In A Shocking Emergency R
20260721 noble royal news/[English (auto-generated)] It's Final! King Charles Orders Meghan's Remaining Royal Titles Revoked A
31052026/[English (auto-generated)] Catherine ORDERS Camilla_s Daughter DRAGGED OUT Of Windsor! SHOCKING Beha
31052026/[English (auto-generated)] Duke Of Kent SHOCKS Palace _My Crown Jewels Go To Catherine  NOT Camilla!
31052026/[English (auto-generated)] End! Harry_s Hardship of Ordinary Life. US Scans Visa Files! Stripped of
31052026/[English (auto-generated)] King Charles_ Doctor Just Leaked His REAL Diagnosis  The Palace Is In Com
31052026/[English (auto-generated)] Royal Family SHOCKED After Edward_s Lawyers Confirm He Inherits What Char
31052026/[English (auto-generated)] Royal Family_s HUGE Announcement About Princess Diana_s Tomb Just Shocks
31052026/[English (auto-generated)] The Jewels Queen Elizabeth Denied Camilla  Because They Were Catherine_s!
20260721 noble royal news/[English (auto-generated)] CAMILLA DEVASTATED King Charles Secretly Leaves His 50M Private Estate To
20260721 noble royal news/[English (auto-generated)] Charles SHOCKS The Palace With ASTOUNDING Decision To Grant Anne Power Ov
20260721 noble royal news/[English (auto-generated)] Prince Edward SLAMS Phone Down On Queen Camilla! Tom Parker Bowles THROWN
20260721 noble royal news/[English (auto-generated)] Princess Anne SLAMS Camilla BANISHING Her From Sandringham Wing Once And
20260721 noble royal news/[English (auto-generated)] Buckingham Palace SHOCKED As William GIVES Approval For Title Change Of D
20260721 noble royal news/[English (auto-generated)] Camilla FURIOUS After King Charles Makes SHOCKING Decision Regarding Lady
20260721 noble royal news/[English (auto-generated)] Carole Middleton SHOCKS The Public With Viral Remarks About Queen Camilla
20260721 noble royal news/[English (auto-generated)] Catherine's Mother GOES NUTS! SHOCKINGly SHUTS DOWN Camilla's Vicious BUL
20260721 noble royal news/[English (auto-generated)] Charles SHOCKS The World! Final Decree STRIPS Camilla Of Her Queen Consor
20260721 noble royal news/[English (auto-generated)] King Charles SHOCKS Britain With UNBELIEVABLE Choice To Grant Princess An
20260721 noble royal news/[English (auto-generated)] King Charles SHOCKS Everyone By Granting FINAL Authority To William Follo
20260721 noble royal news/[English (auto-generated)] Lady Louise Windsor CELEBRATES! She FINALLY Accepts HRH Title And TRANSFO
20260721 noble royal news/[English (auto-generated)] Prince Louis And Princess Charlotte LEFT DEVASTATED! Catherines HEARTBREA
20260721 noble royal news/[English (auto-generated)] Prince William And Anne SHOCK FANS With Tragic Announcement About King Ch
20260721 noble royal news/[English (auto-generated)] Prince William TAKES ACTION By Expelling Camillas Grandson From Windsor!
20260721 noble royal news/[English (auto-generated)] King Charles SHOCKS Everyone By Taking Camilla's Crown And GIVING It To K
20260721 noble royal news spainish/20260721 1 Queen Camilla LEFT FROZEN As King Ch_938327d4
20260721 noble royal news spainish/20260721 10 Charles SHOCKS The World! Final Dec_c471aed5
20260721 noble royal news spainish/20260721 11 King Charles STRIPS Meghans Royal S_aa41e91f
20260721 noble royal news spainish/20260721 12  King Charles Shields William By Gi_22366e9f
20260721 noble royal news spainish/20260721 13 Prince William TAKES CHARGE After A_ae3e4c50
20260721 noble royal news spainish/20260721 14 King Charles REJECTS Camillas Final_45f2d233
20260721 noble royal news spainish/20260721 15 King Charles Makes A Major Decision_1b62ec81
20260721 noble royal news spainish/20260721 16 Prince William Sends Edward To SHUT_4b6fcf42
20260721 noble royal news spainish/20260721 17 Princess Catherine Draws A FINAL LI_6655e3b2
20260721 noble royal news spainish/20260721 18 William FURIOUS After Discovering C_2897b60f
20260721 noble royal news spainish/20260721 19 Prince Williams WINDSOR RESET Camil_cdea10d7
20260721 noble royal news spainish/20260721 2 Camilla FROZEN As King Charles DELIV_6245846c
20260721 noble royal news spainish/20260721 20 King Charles Caught Between Anne An_eec13971
20260721 noble royal news spainish/20260721 3 King Charles STRIPS Camilla Of Royal_4c91082c
20260721 noble royal news spainish/20260721 4 Prince William CHOOSES Duchess Sophi_050a2978
20260721 noble royal news spainish/20260721 5 King Charles Shocks Camilla As Princ_868a7af5
20260721 noble royal news spainish/20260721 6 Camilla FURIOUS As King Charles Elev_4bb22094
20260721 noble royal news spainish/20260721 7 Carole Middleton DELIVER A Shocking _7dd3bb84
20260721 noble royal news spainish/20260721 8 Carole Middletons Five Words To Cami_6bec81b8
20260721 noble royal news spainish/20260721 9 King Charles Orders Princess Anne To_bda34cc6
20260731 royal list/[English (auto-generated)] At 85, Royal Photographer Arthur Edwards Finally Confirms the Rumours Wev
20260731 royal list/[English (auto-generated)] Charles Spencer FURIOUS After Meghan Posts Diana's Private Grave Photos!
20260731 royal list/[English (auto-generated)] Charles Spencer SHOCKS Britain With REVEALING Discovery Of Princess Diana
20260731 royal list/[English (auto-generated)] Charles's Closest Advisors QUIT Overnight And The Reason Is Darker Than A
20260731 royal list/[English (auto-generated)] Greg Gutfeld DESTROYS Meghan Markle LIVE On Gutfeld! After Brutal Argumen
20260731 royal list/[English (auto-generated)] Harry's Biggest Secret Is Out  Lady C Reveals His New Girlfriend [DownSub
20260731 royal list/[English (auto-generated)] Hugo Vickers Just Said Meghan's Archie Birth Timeline Doesn't Add Up  Lad
20260731 royal list/[English (auto-generated)] King Charles DEVASTATED After Queen's Secret Decree Blocks Camilla From A
20260731 royal list/[English (auto-generated)] King Charles HALTS Royal Gala When Camilla Attempts To Seat Her Circle In
20260731 royal list/[English (auto-generated)] Lady C Finally EXPOSES Harry's Secret New Girlfriend  Meghan Is FURIOUS!
20260731 royal list/[English (auto-generated)] Meghan ERASES Own Mother Doria From 24 Anniversary Photos  Daily Mail BUS
20260731 royal list/[English (auto-generated)] Meghan Markles CUT OUT MasterChef Scenes EXPOSE Her BIZARRE BEHAVIOR [Dow
20260731 royal list/[English (auto-generated)] Meghan's Closest Allies QUIT Overnight And The Reason Is Darker Than Expe
20260731 royal list/[English (auto-generated)] Mike Tindall EXPOSES Harry On Stage  4 Words That Just ENDED Him  Wedding
20260731 royal list/[English (auto-generated)] Pippa Middleton Divorced Her Husband, Now We Know Why [DownSub.com]
20260731 royal list/[English (auto-generated)] Poh Ling Yeow FINALLY Breaks Her Silence On Meghan's Bullying  And It's D
20260731 royal list/[English (auto-generated)] Royal Family STUNNED As William's Lawyers CONFIRM Queen Elizabeth's FINAL
20260731 royal list/[English (auto-generated)] Royals in Shock! Charles FINALLY Honors Diana's 45-Year Marriage Legacy
20260802 royalist/[English (auto-generated)] 5 MINUTES AGO Prince William & Catherine CONFIRMS Charles Is Stepping Asi
20260802 royalist/[English (auto-generated)] Camilla LEFT SPEECHLESS After Queen Elizabeths Secret Decree Blocks Her F
20260802 royalist/[English (auto-generated)] Camilla PERMANENTLY BANNED From Windsor After Queens Secret Clause STUNS
20260802 royalist/[English (auto-generated)] Catherine's Personal Staff QUIT Overnight And The Truth Is Far Worse Than
20260802 royalist/[English (auto-generated)] Charles & Diana's 45th Anniversary! What Prince George Did At Her Memoria
20260802 royalist/[English (auto-generated)] Charles Spencer FURIOUS After Meghan Posts Diana's Private Grave Photos!
20260802 royalist/[English (auto-generated)] JUST IN King Charles STRIPS Meghan Of Duchess Title As Palace Ends Sussex
20260802 royalist/[English (auto-generated)] King Charles FREEZES Camilla Out After Williams BOMBSHELL Report  Palace
20260802 royalist/[English (auto-generated)] Meghan Just LOST EVERYTHING Legal Filing CONFIRMS William's Plan to Strip
20260802 royalist/[English (auto-generated)] Meghan Just LOST EVERYTHING The Document That Gives William Power to Stri
20260802 royalist/[English (auto-generated)] Meghan Markle Left STUNNED After Decades-Old Magazine REVEALS Her Real Ag
20260802 royalist/[English (auto-generated)] Megyn Kelly BRUTALLY Roasts Meghan's MasterChef Disaster on LIVE TV! [Dow
20260802 royalist/[English (auto-generated)] Prince William Reportedly ERUPTS Over Meghans Alleged Diana Grave Content
20260802 royalist/[English (auto-generated)] Princess Anne CRUSHES Camilla's Last Plea  What She Did Next SHOCKED The
20260802 royalist/[English (auto-generated)] Queen Camilla SHATTERED After Philip's Secret Decree Blocks Her From All
20260802 royalist/[English (auto-generated)] William And Catherine FLEE Windsor In FEAR! DISTURBING Discovery Shakes R
20260802 royalist/[English (auto-generated)] WILLIAM Auctions Off CAMILAL's Sister's SpotEnding The Royal Privileges S
20260802 royalist/[English (auto-generated)] William LOSES It With Fury After Camilla's Daughter SLAMS Princess Anne I
20260809 Secretos Reales/20260626 1 King Charles Shocks Everyone After I_ac3fcf72
20260809 Secretos Reales/20260626 10 Camilla Goes MAD After Secret Docum_30a77fe9
20260809 Secretos Reales/20260626 11 BREAKING Catherines Stunning Move L_79396f96
20260809 Secretos Reales/20260626 12 BREAKING Queen Elizabeths Silent Ve_e429cf32
20260809 Secretos Reales/20260626 13 BREAKING Catherine Fights Back Cami_a7a6e829
20260809 Secretos Reales/20260626 14 King Charles Shocks The Nation With_bc01285f
20260809 Secretos Reales/20260626 15 BREAKING Prince Edward Uncovers Cam_4360ce9a
20260809 Secretos Reales/20260626 16 BREAKING Prince Williams Legal Stri_7c342ac2
20260809 Secretos Reales/20260626 17 Camilla LOST IT After Prince Willia_605430b4
20260809 Secretos Reales/20260626 18 BREAKING Prince William Bans Camill_5630a162
20260809 Secretos Reales/20260626 19 BREAKING Williams Emergency Move Le_da987d11
20260809 Secretos Reales/20260626 2 King Charles Leaves Harry Speechless_f6da435e
20260809 Secretos Reales/20260626 20 1 MIN AGO William Makes A Shocking _74b1610a
20260809 Secretos Reales/20260626 21 BREAKING Prince Williams Stunning L_c33280f6
20260809 Secretos Reales/20260626 22 BREAKING Prince William Leaves Emer_99f030e2
20260809 Secretos Reales/20260626 23 Princess Anne Made A Tragic Announc_7cc7a888
20260809 Secretos Reales/20260626 24 BREAKING Princess Catherine Confron_a5d58c5a
20260809 Secretos Reales/20260626 25 BREAKING_ Prince William Secretly R_fb182627
20260809 Secretos Reales/20260626 26 BREAKING Prince William Blocks Cami_87e60bc6
20260809 Secretos Reales/20260626 27 Camilla PANICS After Prince William_56861101
20260809 Secretos Reales/20260626 3 King Charles Shocks Everyone As He M_5c39786e
20260809 Secretos Reales/20260626 4 King Charles STUNS Whole Nation Afte_283573f0
20260809 Secretos Reales/20260626 5 1 MIN AGO King Charles Make A Final _a43f8b5c
20260809 Secretos Reales/20260626 6 BREAKING Princess Anne Honors Charlo_fb0eb8fb
20260809 Secretos Reales/20260626 7 Camilla Goes Nuts After Princess Cat_8239bd83
20260809 Secretos Reales/20260626 8 BREAKING Prince Williams Secret Pala_1a291d27
20260809 Secretos Reales/20260626 9 BREAKING Prince Williams Silent War _e76391e9
20260810 The Royalist/[English (auto-generated)] The Trillionaire Life of Princess Charlotte_out
20260810 The Royalist/20260810 1 BREAKING Anne HALTS Memorial Dinner After Camilla's Outburst Leaves Sophie In Tears_out
20260810 The Royalist/20260810 10 Harry LOSES IT ALL After Martha Stewart Exposes Meghan PUBLICLY Gossiping Charles_out
20260810 The Royalist/20260810 11 Lady C Finally EXPOSES The Billionaire Meghan Has Already Picked To Replace Harry!_out
20260810 The Royalist/20260810 12 Martha Stewart EXPOSES What Meghan Said About King Charles' Private Highgrove Meeting!_out
20260810 The Royalist/20260810 15 Prince William FURIOUS After CamillaΓÇÖs Daughter Is CAUGHT Ignoring Palace Orders_out
20260810 The Royalist/20260810 16 Prince William TORN After Palace Document Reveals Diana's Final Message To Her Sons_out
20260810 The Royalist/20260810 17 Princess Charlotte GOES NUTS! REFUSES To Acknowledge Camilla As Her GRANDMOTHER!_out
20260810 The Royalist/20260810 18 Royal Family STUNNED As Edward's Lawyers CONFIRM He Inherits What Charles Denied For Years!_out
20260810 The Royalist/20260810 19 Royal Guard STOPS Camilla's Son ΓÇö After He GRABS Prince George's Arm Too Hard_out
20260810 The Royalist/20260810 20 Silence Fell as Prince Louis Did the Unthinkable ΓÇö Even the Monarch Was Speechless_out
20260810 The Royalist/20260810 21 The Trillionaire Life of Princess Charlotte_out
20260810 The Royalist/20260810 4 CamillaΓÇÖs Sister SHOCKS The World As She Finally BREAKS Silence About Camilla!_out
20260810 The Royalist/20260810 5 Charles LOSES CONTROL After Camilla DISMISSES William In Front Of The Entire Privy Council_out
20260810 The Royalist/20260810 6 Charles STOPS Royal Briefing After Catherine Notices An Uninvited Aide Inside Balmoral_out
20260810 The Royalist/20260810 9 FOR DIANA! Princess Anne TAKES DOWN Camilla In Explosive Move That Shocked William!_out
20260810 The Royalist/20260810 13 Meghan's Ex-Boyfriend FINALLY Speaks Out About Their SECRET ΓÇö Prince_out
20260810 The Royalist/20260810 2 BREAKING Anne HALTS Windsor Dinner After Camilla's Outburst Leaves Princess Catherine_out
20260810 The Royalist/20260810 22 William SHUT DOWN The Windsor Summit After Spotting Camilla's Lawyer ΓÇö_out
20260810 The Royalist/20260810 23 ΓÇ£TheyΓÇÖll Never FORGIVE Me!ΓÇ¥ Prince HarryΓÇÖs New TV Interview REVEALS_out
20260810 The Royalist/20260810 3 CAMILLA GOES NUTS! King Charles Gives Prince Louis ROYAL Title While Her_out
20260810 The Royalist/20260810 7 Diana's Final Wish For Her Son William Honors It By Crowning Catherine In_out
20260810 The Royalist/20260810 8 Doria Ragland Accidentally Reveals Meghan's Real Age On Her own Birthday_out
20260810 The Royalist/20260810 14 Prince William FROZEN After Parliament Reveals Camilla's Hidden Royal_out
20260818 The Royalist/[English (auto-generated)] 1 MIN AGO Palace CONFIRMS Heartbreaking Update On Prince Louis’s Private
20260818 The Royalist/[English (auto-generated)] 1 MIN AGO Prince George BLOCKS Camilla’s Aide From Removing Diana’s Heirl
20260818 The Royalist/[English (auto-generated)] 2 MIN AGO George STOPS Royal Luncheon After Camilla Attempts To Change Hi
20260818 The Royalist/[English (auto-generated)] Battle for Montecito! Meghan Markle & Prince Harry face off against Taylo
20260818 The Royalist/[English (auto-generated)] Bid to escape! Truth about Prince Harry UK return as Meghan Markle marria
20260818 The Royalist/[English (auto-generated)] End of Royal Family Real reason Meghan Markle married Prince Harry expose
20260818 The Royalist/[English (auto-generated)] Evidence From Lilibet Surrogacy Scandal Explodes — Prince Harry PANICS As
20260818 The Royalist/[English (auto-generated)] Harry & Meghan HUMILIATED as David Foster SHUTS Meghan Out On His Own Red
20260818 The Royalist/[English (auto-generated)] Harry LOSES Everything as Judge Nicklin ADMITS The £16.2M Won't Cover It
20260818 The Royalist/[English (auto-generated)] King Charles SHUTS DOWN Garter Parade After Camilla Is CAUGHT Red Handed
20260818 The Royalist/[English (auto-generated)] Meghan & Harry ALREADY Monetizing Their Private UK Reunion - Charles GOT
20260818 The Royalist/[English (auto-generated)] Meghan & Harry FORCED To SELL Mansion As Legal Bills EXPLODE To $75M — El
20260818 The Royalist/[English (auto-generated)] Meghan & Harry LEAVING America For UK — America No Longer Serves Them [Do
20260818 The Royalist/[English (auto-generated)] Meghan & Harry's UK Reunion COLLAPSES Overnight - It Was All A LIE [DownS
20260818 The Royalist/[English (auto-generated)] Meghan & Harry’s BIGGEST CRISIS — Montecito MANSION On Sale As Harry MOVE
20260818 The Royalist/[English (auto-generated)] Meghan ERUPTS Over Harry’s New Female Friend — He PLOTS To Move Back To T
20260818 The Royalist/[English (auto-generated)] Meghan Gets BLINDSIDED as Lady C REVEALS Harry's Divorce Plan! [DownSub.c
20260818 The Royalist/[English (auto-generated)] Meghan Makes MILLIONS From LEAKED UK Photos — SECRET Documentary EXPOSED
20260818 The Royalist/[English (auto-generated)] Meghan Markle & Prince Harry Hollywood poison after shock box office disa
20260818 The Royalist/[English (auto-generated)] Meghan Markle & Prince Harry pressure David Foster as Jamie Kern Lima las
20260818 The Royalist/[English (auto-generated)] Meghan Markle accused of blocking Katharine McPhee to flirt with David Fo
20260818 The Royalist/[English (auto-generated)] Meghan Markle ACCUSED Of FLIRTING With David Foster — He FINALLY SPEAKS O
20260818 The Royalist/[English (auto-generated)] Meghan Markle’s BIGGEST Hollywood HUMILIATION — DESPERATE New Business Mo
20260818 The Royalist/[English (auto-generated)] Meghan Markle’s Birthday NIGHTMARE — The Truth Finally EXPLODES [DownSub
20260818 The Royalist/[English (auto-generated)] Meghan Markle’s Red Carpet HUMILIATION — Gala Host SHUTS Her DOWN [DownSu
20260818 The Royalist/[English (auto-generated)] Meghan’s Brother EXPOSES Her Darkest Secrets — Then WARNS Harry He’s NEXT
20260818 The Royalist/[English (auto-generated)] Megyn Kelly exposes Meghan Markle for BETRAYING Princess Diana's brother
20260818 The Royalist/[English (auto-generated)] Not sleeping together” Truth of King Charles & Camilla's marriage amid Ha
20260818 The Royalist/[English (auto-generated)] Prince Harry PANICS as $2.4M Lawsuit Could EXPOSE Secret Invictus Money a
20260818 The Royalist/[English (auto-generated)] Prince William STUNS Camilla’s Family as Lawyers CONFIRM the Estate Is No
20260818 The Royalist/[English (auto-generated)] Princess Catherine FINALLY EXPOSES Camilla’s 40-Year SECRET! SHOCKING Aud
20260818 The Royalist/[English (auto-generated)] Princess Catherine SHOCKS Everyone With REVEAL About Prince Louis's PRIVA
20260818 The Royalist/[English (auto-generated)] Tom Bower Claims Meghan FEARS DNA Test Could REVEAL a Shocking Secret [Do
20260818 The Royalist/[English (auto-generated)] William and Anne REVEAL the SECRET Camilla Hid From Charles for Years — B
20260818 The Royalist/[English (auto-generated)] William FORCED OPEN Camilla’s Wardrobe – And FOUND the Late Queen’s Coron
20260820 Royal Documentary/[English (auto-generated)] 15 Times Queen Elizabeth HUMILIATED Meghan Markle Without Even Trying! [D
20260820 Royal Documentary/[English (auto-generated)] 2 MIN AGO King Charles BREAKS DOWN After Reading Queen's Last Letter Abou
20260820 Royal Documentary/[English (auto-generated)] 3 MIN AGO Sophie Wessex STOPS Camilla's Plan To Renovate Queen's Favorite
20260820 Royal Documentary/[English (auto-generated)] Camilla PERMANENTLY BANNED From Windsor After Queen’s Secret Clause STUNS
20260820 Royal Documentary/[English (auto-generated)] Camilla’s 79th Birthday — What Princess Charlotte Just Did Left Britain I
20260820 Royal Documentary/[English (auto-generated)] Catherine GOES NUTS After Camilla Caught Bullying Her Daughter Princess C
20260820 Royal Documentary/[English (auto-generated)] Diana's 65th Birthday — What William Just Did Left Britain In Tears [Down
20260820 Royal Documentary/[English (auto-generated)] Enough Is Enough! Anne Signs Emergency Decree Stripping Camilla Of All Ce
20260820 Royal Documentary/[English (auto-generated)] Enough Is Enough! William Signs Emergency Decree Stripping Camilla Of All
20260820 Royal Documentary/[English (auto-generated)] George's 13th Birthday! How the Future King Has Changed in Just 13 Years
20260820 Royal Documentary/[English (auto-generated)] Harry CAUGHT EMBARRASSED As $50K Speech Has No Crowd [DownSub.com]
20260820 Royal Documentary/[English (auto-generated)] Harry LEFT EMBARRASSED As Australia PUBLICLY REJECTS Meghan [DownSub.com]
20260820 Royal Documentary/[English (auto-generated)] Harry's Biggest Secret Is Out! Lady C Reveals His New Girlfriend [DownSub
20260820 Royal Documentary/[English (auto-generated)] JUST IN Prince George REFUSES To Join Royal Photo After Camilla Demands C
20260820 Royal Documentary/[English (auto-generated)] King Charles DEVASTATED After Queen's Secret Decree Blocks Camilla From A
20260820 Royal Documentary/[English (auto-generated)] King Charles FINALLY Gives Rare Royal Title To Princess Charlotte [DownSu
20260820 Royal Documentary/[English (auto-generated)] King Charles’ Announcement — William’s Coronation Date & Catherine’s Role
20260820 Royal Documentary/[English (auto-generated)] Meghan Just Lost EVERYTHING William's 4-Day Plan to strip Meghan Title [D
20260820 Royal Documentary/[English (auto-generated)] Meghan LOSES Everything Harry's Filed Statement Just CONFIRMED The Palace
20260820 Royal Documentary/[English (auto-generated)] Meghan LOSES IT As Harry Publicly HUGS Another Woman Right In Front Of He
20260820 Royal Documentary/[English (auto-generated)] Meghan Markle KICKED OUT OF DUBAI By Dubai Sheikh.. [DownSub.com]
20260820 Royal Documentary/[English (auto-generated)] Meghan Markle LOSES IT After Jimmy Carr's Brutal SNL Roast [DownSub.com]
20260820 Royal Documentary/[English (auto-generated)] Meghan Markle's 47 Minute Highgrove Visit Ends In Disaster [DownSub.com]
20260820 Royal Documentary/[English (auto-generated)] Meghan SECRETLY Arrives In UK - The Reunion Turned Cold FAST [DownSub.com
20260820 Royal Documentary/[English (auto-generated)] Prince Harry SHOCKED After Piers Morgan EXPOSES Meghan’s Pregnancy Lies [
20260820 Royal Documentary/[English (auto-generated)] Prince William And Catherine SHOCK The World! TRAGIC Update On King Charl
20260820 Royal Documentary/[English (auto-generated)] Princess Anne TAKES DOWN Camilla To Avenge Diana! — Her Move STUNNED All
20260820 Royal Documentary/[English (auto-generated)] Queen Camilla SHATTERED After Philip's Secret Decree Blocks Her From All
20260820 Royal Documentary/[English (auto-generated)] ROYAL FAMILY IN CRISIS After SHOCK Latest news from MEGHAN'S PAST! [DownS
20260820 Royal Documentary/[English (auto-generated)] Royal Jeweler SPEAKS About The One Piece Camilla Wanted But Queen Refused
20260820 Royal Documentary/[English (auto-generated)] Royals in Shock! Lady Louise Inherits Balmoral Cottage - Leaving Harry an
20260820 Royal Documentary/[English (auto-generated)] Royals in Shock! Lady Louise STUNS Britain with Surprise ENGAGEMENT [Down
20260820 Royal Documentary/[English (auto-generated)] Royals in Shock! Prince William And Kate Middleton Make SURPRISE Announce
20260820 Royal Documentary/[English (auto-generated)] Samantha Markle Just Dropped DNA Evidence That Changes Everything [DownSu
20260820 Royal Documentary/[English (auto-generated)] Teacher MOCKS Catherine in Front of CHARLOTTE – Her Response Leaves Every
20260820 Royal Documentary/[English (auto-generated)] William & Catherine in TEARS Reveal Why Louis Was Hidden — The Truth STUN
20260823 royalist/[English (auto-generated)] 1 MIN AGO Meghan's Final Royal Request REJECTED As William Signals There
20260823 royalist/[English (auto-generated)] CAMILLA EVICTED! King Charles SIGNS Emergency Order Barring Queen From Wi
20260823 royalist/[English (auto-generated)] Camilla FACES Health CRISIS! King Charles HANDS Over Control Of Royal Fin
20260823 royalist/[English (auto-generated)] Camilla GOES NUTS! Prince George Honored With ROYAL Title While Her Grand
20260823 royalist/[English (auto-generated)] Charles CONFIRMS Harry’s UK Return Conditions! Meghan LEFT SHOCKED! [Down
20260823 royalist/[English (auto-generated)] GET OUT OF WINDSOR! William EVICTS Camilla After She BANNED Louis From Th
20260823 royalist/[English (auto-generated)] GET OUT! William EVICTS Camilla's Son From Estate Reserved For Prince Lou
20260823 royalist/[English (auto-generated)] Harry's Legal Counsel QUIT Overnight And What They Filed In Court Is Far
20260823 royalist/[English (auto-generated)] King Charles DEVASTATED After Philip's Secret Decree Blocks Camilla From
20260823 royalist/[English (auto-generated)] Lady C Finally EXPOSES the Real Reason Harry & Meghan Are Returning to th
20260823 royalist/[English (auto-generated)] Louis SPOTS Hidden Bag! William FORCES Open Camilla’s Wardrobe To Rescue
20260823 royalist/[English (auto-generated)] Louis SPOTS Secret Wall Safe! William BREAKS Open Camilla's Lock For Dian
20260823 royalist/[English (auto-generated)] Meghan & Harry’s UK Return IMPLODES As REAL Motives EMERGE — Britain REVO
20260823 royalist/[English (auto-generated)] Meghan Gets UK JOB As Harry’s VISA Scrutiny Grows — Royals SHUT DOWN Thei
20260823 royalist/[English (auto-generated)] Prince William BREAKS SILENCE On Harry & Meghan's UK Return — It's BRUTAL
20260823 royalist/[English (auto-generated)] Prince William Just DROPPED A BOMBSHELL Over Harry & Meghan's UK Return A
20260823 royalist/[English (auto-generated)] Prince William SHATTERED After Hidden Document Reveals Diana's Final Wish
20260823 royalist/[English (auto-generated)] Princess Anne ERUPTS With FURY! Camilla's Daughter SLAMS Catherine In SHO
20260823 royalist/[English (auto-generated)] Princess Anne HALTS Garter Parade After Camilla PUSHES Prince Louis! GET
20260823 royalist/[English (auto-generated)] Princess Anne SUPPORTS William And Catherine's DEMAND! Camilla LEFT SHOCK
20260823 royalist/[English (auto-generated)] Princess Catherine FURIOUS After Camilla Publicly Confronts Her At Windso
20260823 royalist/[English (auto-generated)] Tom Bower Just LEAKED The Palace Decision That Leaves Meghan With Nowhere
20260823 royalist/[English (auto-generated)] William & Catherine in TEARS Reveal Why Louis Was Hidden — The Truth STUN
20260823 royalist/[English (auto-generated)] William And Anne SHOCK As They UNVEIL Hidden House Papers Camilla Kept Fr
20260823 royalist/[English (auto-generated)] William And Catherine SHOCK The World With ANNOUNCEMENT On Camilla’s Futu
20260823 royalist/[English (auto-generated)] William COMPELS Charles To Deliver HEARTBREAKING Announcement! Camilla LE
20260823 royalist/[English (auto-generated)] William Creates A COMPLETE NIGHTMARE For Camilla! This May RUIN Her Futur
20260823 royalist/[English (auto-generated)] William EVICTS Camilla’s Family From Royal Home After Lawyers Uncover SHO
20260823 royalist/[English (auto-generated)] William STRIPPED Camilla's Family Of Their Home — And The Reason The Lawy
20260823 royalist/[English (auto-generated)] “Don’t Touch My Sister!” Louis Defends Charlotte At School — William's FU
20260826/[English (auto-generated)] 1 MIN AGO Charles & William Join Forces To Revoke Camilla’s Control Of Ro
20260826/[English (auto-generated)] Camilla STUNNED As King Charles Honors Princess Diana On Their 45th Weddi
20260826/[English (auto-generated)] Catherine BREAKS IN TEARS After Diana’s Brother PUBLICLY CONFRONTS Camill
20260826/[English (auto-generated)] Harry in DISBELIEF as King Charles REJECTS His UK Return Plans [DownSub.c
20260826/[English (auto-generated)] Harry MELTDOWN After King Charles CANCELS UK Return Deal Under William's
20260826/[English (auto-generated)] King Charles SHOCKED As Diana’s Brother UNCOVERS Camilla’s Alleged Scheme
20260826/[English (auto-generated)] King Charles “DEVASTATED” As Parliament Confirms Camilla’s Secret Meeting
20260826/[English (auto-generated)] Louis CATCHES Camilla's Fake Illness! Anne EVICTS Her From Palace After D
20260826/[English (auto-generated)] Meghan CAUGHT After Tom Bower Investigates Hospital To EXPOSE The DNA Tru
20260826/[English (auto-generated)] Prince Edward SHOCKS The Nation! Camilla REMOVED From Windsor Lodge & Pro
20260826/[English (auto-generated)] Prince William FURIOUS As Camilla’s Daughter FLAGRANTLY IGNORES Palace Or
20260826/[English (auto-generated)] Princess Anne BREAKS Silence Why Philip's Marriage to the Queen Was UGLIE
20260826/[English (auto-generated)] Royal Family ANNOUNCES Catherine As Queen's Replacement For Windsor Recep
20260826/[English (auto-generated)] Tom Bower & Doria CRACK OPEN Meghan Markle’s REAL Age Mystery [DownSub.co
20260826/[English (auto-generated)] William UNVEILS SHOCKING Truth About Charles And Diana's Marriage! FAR NA
20260901 royalist/[English (auto-generated)] 3 MIN AGO King Charles SHOCKS Everyone With Last Minute Will Changes! [Do
20260901 royalist/[English (auto-generated)] Anne WARNED That Once Camilla Crosses This Red Line, There’s No Way Back
20260901 royalist/[English (auto-generated)] Charles BREAKS DOWN After Anne CONFRONTS Meghan's Secret Plan In Front Of
20260901 royalist/[English (auto-generated)] EXCLUSIVE  Why King Charles III ENCOURAGED Harry and Meghan's Return [Dow
20260901 royalist/[English (auto-generated)] Harry & Meghan REJECTED By 96% of Britain as William's Team EXPOSES The B
20260901 royalist/[English (auto-generated)] Harry EXPOSED as King Charles DEFIES Britain's 2% To Pay His Security [Do
20260901 royalist/[English (auto-generated)] Harry's Homecoming COLLAPSES as King Charles HIDES And William REFUSES To
20260901 royalist/[English (auto-generated)] Harry's Homecoming COLLAPSES as William REFUSES While Charles CAVES [Down
20260901 royalist/[English (auto-generated)] Harry's Titles COLLAPSE as Tom Bower EXPOSES William's Andrew Move [DownS
20260901 royalist/[English (auto-generated)] King Charles DECLARES Divorce From Camilla After SHOCKING Betrayal [DownS
20260901 royalist/[English (auto-generated)] King Charles DECLARES His Final Decision and Camilla’s Family Is Left STU
20260901 royalist/[English (auto-generated)] Lady C EXPOSES Why Meghan & Harry’s UK Return Could Be CANCELLED Over Har
20260901 royalist/[English (auto-generated)] Lady C FINALLY EXPOSES Harry’s New Girlfriend and SHOCKING Divorce Plan!
20260901 royalist/[English (auto-generated)] Lady C Finally EXPOSES the Real Reason Harry & Meghan Fled America 'Dange
20260901 royalist/[English (auto-generated)] Meghan & Harry ARRIVE In UK — Their Return Turns COLD FAST [DownSub.com]
20260901 royalist/[English (auto-generated)] Meghan & Harry BREAK SILENCE As Royals SHUT DOWN Their UK Return — They’r
20260901 royalist/[English (auto-generated)] Meghan Markle and Harry Being Humiliated on Live TV After Announcing Thei
20260901 royalist/[English (auto-generated)] Meghan’s First Day In UK Turns NIGHTMARE — LEGAL THREATS Fly Over £12M Ma
20260901 royalist/[English (auto-generated)] Meghan’s UK Return SLAMMED By Thomas Markle — He EXPOSES Her CRUELEST MOV
20260901 royalist/[English (auto-generated)] NEW South Park Episode BRUTALLY DESTROYS Meghan Markle… [DownSub.com]
20260901 royalist/[English (auto-generated)] Not Anymore — Anne EXPOSES Harry's Secret Deal In Front Of The Entire Sen
20260901 royalist/[English (auto-generated)] Penny Knatchbull's Love Affair With Prince Philip Was Much Nastier Than Y
20260901 royalist/[English (auto-generated)] Prince Harry & Meghan Markle separation CONFIRMED by Daily Mail amid flig
20260901 royalist/[English (auto-generated)] Prince Louis And Charlotte SHOCKED By Catherine's DEVASTATING Announcemen
20260901 royalist/[English (auto-generated)] Princess Anne SHOCKS Everyone By INTERRUPTING Royal Ceremony With UNEXPEC
20260901 royalist/[English (auto-generated)] Princess Anne SHOCKS The Palace By TAKING Camilla's Place At The King's F
20260901 royalist/[English (auto-generated)] Princess Anne's Husband EXPOSES Camilla's SHOCKING Secret From 1990! Will
20260901 royalist/[English (auto-generated)] Royal Family Will NEVER Be The Same After What William Discovered In Laur
20260901 royalist/[English (auto-generated)] Royal Family Will Never Be the Same After William & Catherine’s SHOCK STA
20260901 royalist/[English (auto-generated)] Sophie UNSEALS Elizabeth’s Final Instruction—Harry’s Last-Minute Request
20260901 royalist/[English (auto-generated)] Tom Bower Finally EXPOSES The Billionaire Meghan Has Already Picked To Re
20260904/20260904 1 1 MIN AGO King Charles Removes Camilla’s Family From Royal Line Of Succession [DownSub.com]
20260904/20260904 10 Harry and Meghan's Secret New Project Exposed The Royalist Podcast [Down
20260904/20260904 11 Harry ERUPTS As DNA Claims Hit Tom Bower And Lady Campbell [DownSub.com]
20260904/20260904 13 King Charles BREAKS IN TEARS As Royal Archives REVEAL Diana’s TRUE Will [DownSub.com]
20260904/20260904 14 King Charles STRIPS Camilla’s Family Of All Privileges After They Demand Sovereign Escorts! [DownSub.com]
20260904/20260904 15 Prince Andrew's DNA Test CONFIRMS The Truth What We All Suspected [DownSu
20260904/20260904 16 Prince Edward's Lawyer Drops HUGE BOMBSHELL On Lilibet's DNA REPORTS -Wha
20260904/20260904 17 Prince Harry & Meghan Markle scheme to DESTROY royals as they start filmi
20260904/20260904 18 Prince Harry COLLAPSES In Court After DNA Results Confirm He Is NOT The F
20260904/20260904 19 Prince Harry GOES NUTS After DNA Results Reveal Meghan Secret Love Child
20260904/20260904 2 3 MIN AGO William REJECTS Camilla's APPEAL As Anne Confirms The Decision Is Irreversible [DownSub.com]
20260904/20260904 20 Prince Harry IN TEARS After Samantha Markle REVEALS Meghan's SHOCKING DNA
20260904/20260904 21 Prince William And Catherine REVEAL SHOCKING Secret About Charles! Camilla Left With Nothing! [DownSub.com]
20260904/20260904 22 Princess Anne & King Charles It's Time To REVEAL EVERYTHING [DownSub.com]
20260904/20260904 23 Princess Anne BREAKS IN TEARS After DNA Test CONFIRMS Diana’s Final Secre
20260904/20260904 24 Princess Anne Reveals The King’s Final Wish, Prince William and Harry Are
20260904/20260904 25 Princess Charlotte STUNS the Entire Country With This POWERFUL Speech, Ge
20260904/20260904 26 Queen Camilla's Daughter Cuts All Ties After Shocking DNA Reveal Her True
20260904/20260904 27 Twisted punishment! Prince Harry forces Meghan Markle to live out WORST N
20260904/20260904 28 VIOLENCE & TREACHERY! Meghan Markle humiliated by The Gentlemen stars The
20260904/20260904 29 William & King Charles SPEECHLESS As Princess Anne Reveals Queen's Import
20260904/20260904 3 Camilla GOES NUTS After DNA Results Reveal King Charles Secret Love Child
20260904/20260904 30 William Orders DNA Test – Meghan's Pregnancy Claims CRUMBLE Under Investi
20260904/20260904 5 Charles LOSES IT After Camilla REFUSES William’s Request In Front Of The Entire Royal Council [DownSub.com]
20260904/20260904 6 Charles STUNS Britain as He DECLARES Who Will Replace Camilla in the Roya
20260904/20260904 7 EXCLUSIVE Why King Charles III ENCOURAGED Harry and Meghan's Return [Dow
20260904/20260904 8 Harry & Meghan SPEECHLESS as Palace Releases DNA Proof on Archie & Lilibe
20260904/20260904 9 Harry & Meghan's UK Return BACKFIRES as William's Team REVEALS Meghan Cam
20260904/20260904 4 Charles Finally Speaks About Camilla's Future & Every Word Left The Entire UK Completely
20260904/20260904 12 Harry EXPOSED as William REJECTS His Apology Demand After Four Years Of Silence 'Spitting Blood'
20260908 german/[English (auto-generated)] King Charles REJECTS Prince Harry & Meghan Markle in explosive leaked let
20260908 german/[German (auto-generated)] BUNTE-Royal-Experte verrät traurigen Grund für Sinneswandel von Harry und
20260908 german/[German (auto-generated)] EIL Anne & William fällen endgültiges Urteil! Camillas dunkler Plan gegen
20260908 german/[German (auto-generated)] EILMELDUNG Williams erster Auftritt als König SCHOCKIERT die Welt – Camill
20260908 german/[German (auto-generated)] Harry & Meghan zurück auf britischem Boden! I Royal Talk [DownSub.com]
20260908 german/[German (auto-generated)] Harry und Meghan planen Rückkehr nach Großbritannien Royals in Aufruhr!  V
20260908 german/[German (auto-generated)] Hier rechnet US-Präsident Donald Trump mit Harry und Meghan ab [DownSub.co
20260908 german/[German (auto-generated)] Königshaus-Expertin Was Harry und Meghan jetzt erwartet [DownSub.com]
20260908 german/[German (auto-generated)] Lady C enthüllt endlich den wahren Grund, warum Harry und Meghan in die UK
20260908 german/[German (auto-generated)] LONDON Royale Familienfehde beigelegt Harry und Meghan kehren zurück! Expe
20260908 german/[German (auto-generated)] Prinz Harry und Meghan Britische Royals sind zurück in England [DownSub.co
20260908 german/[German (auto-generated)] Prinz William & Catherine BESTÄTIGT Schock-News – Charles tritt zurück! Ca
20260908 german/[German (auto-generated)] Prinz William & Catherine ENTHÜLLEN Charles’ SCHOCK-GEHEIMNIS – Camilla bl
20260908 german/[German (auto-generated)] Prinz William & Catherine VERKÜNDEN neue BALMORAL-REGEL – Camillas Familie
20260908 german/[German (auto-generated)] Prinz William und Catherine verkünden SCHOCK-Entscheidung! Camilla MUSS Wi
20260908 german/[German (auto-generated)] Prinzessin Anne SCHOCKT alle mit BOMBSHELL-Enthüllung! Camillas Plan, Will
20260908 german/[German (auto-generated)] RASSISMUS-STREIT VERGESSEN Warum Harry & Meghan trotz allem wieder nach Lo
20260908 german/[German (auto-generated)] VOR 5 MIN William & Catherine geben nun Erklärung zu Camilla ab – Annes GE
20260908 german/[German (auto-generated)] VOR 5 MINUTEN König Charles’ letzter öffentlicher Akt – Catherine wird zur
20260908 german/[German (auto-generated)] VOR 5 MINUTEN Prinz William & Anne BESTÄTIGEN Camilla AUS DER KÖNIGSFAMILI
20260908 german/[German (auto-generated)] William & Catherine bestätigen Charles tritt zurück – Camilla in Tränen au
20260908 german/[German (auto-generated)] William & Catherine mit SCHOCK-Aussage zu Camillas Zukunft – Royal Family
20260908 german/[German (auto-generated)] William RASTET AUS! Camillas Tochter GREIFT Prinzessin Anne an – SCHOCKIER
20260908 german/[German (auto-generated)] William und Catherine enthüllen ein schockierendes Geheimnis und lassen Ca
20260908 german/[German (auto-generated)] William wird Camilla NIE wieder sehen, nachdem Dianas früherer Fahrer ENDL
20260911 royalist/[English (auto-generated)] 'Incorrect' Harry's Return BACKFIRES as Buckingham Palace CALLS Him A Lia
20260911 royalist/[English (auto-generated)] 1 MIN AGO William DISSOLVES Palace Committee After Spotting Andrew's Aide
20260911 royalist/[English (auto-generated)] 1 MINUTE AGO !  WILLIAM’S BOMBSHELL ROCKS THE SUSSEX RETURN — AND EVERYTH
20260911 royalist/[English (auto-generated)] 2 MIN AGO Harry BLINDSIDED After Archivists Confirm Diana Ordered His Nam
20260911 royalist/[English (auto-generated)] 3 MIN AGO King Charles Says NO To Harry’s Final Request As Royal Return I
20260911 royalist/[English (auto-generated)] Catherine BLOCKS Camilla’s Son From Royal Access — His Reaction SHOCKS Bu
20260911 royalist/[English (auto-generated)] Charles STUNNED As Sophie Refuses To Stand After Camilla Takes Her Place
20260911 royalist/[English (auto-generated)] Diana's Final Wish — What King Charles Just Did With Her Ring Left Britai
20260911 royalist/[English (auto-generated)] Harry  LOSES Everything After Donald Trump CONFIRMS He Would Never Speak
20260911 royalist/[English (auto-generated)] Harry & Meghan's Attack On King Charles BACKFIRES — Now They Are ERASED F
20260911 royalist/[English (auto-generated)] King Charles BREAKS DOWN In Tears! Palace CONFIRMS DEVASTATING News — Wil
20260911 royalist/[English (auto-generated)] King Charles Explodes in Rage and Exiles Camilla After Catherine Assassin
20260911 royalist/[English (auto-generated)] King Charles moved to tears! Royal Palace confirms tragic news! Prince Wi
20260911 royalist/[English (auto-generated)] Meghan HUMILIATED as Diana Gala Organizers SHUT HER OUT Over Leaked Deman
20260911 royalist/[English (auto-generated)] Meghan LOSES IT After Thomas Markle EXPOSES Her At US Press Conference [D
20260911 royalist/[English (auto-generated)] Meghan Markle in Tears After Kelly Osbourne Hilariously Roasts Her on SNL
20260911 royalist/[English (auto-generated)] Meghan Markle Just Lost CUSTODY Of Her Kids As SHOCKING New Divorce Detai
20260911 royalist/[English (auto-generated)] Meghan Markle KICKED OUT by Royals After Her OUTRAGEOUS Demand — Diana Ga
20260911 royalist/[English (auto-generated)] Meghan MELTDOWN As Lady C FINALLY REVEALS The Title Britain Stripped The
20260911 royalist/[English (auto-generated)] Not Anymore — Anne EXPOSES Harry's Secret Deal In Front Of The Entire Sen
20260911 royalist/[English (auto-generated)] Princess Anne & William CONFIRM Queen Camilla’s Sentence Is FINAL — And T
20260911 royalist/[English (auto-generated)] Princess Anne has leveled shocking allegations against Harry! She has exp
20260911 royalist/[English (auto-generated)] Tom Bower REVEALS Why IRS, Child Services, and Immigration Are Coming for
20260911 royalist/[English (auto-generated)] William & Catherine SHOCK The World With Their FIRST Appearance As King &
20260911 royalist/[English (auto-generated)] William Finally ACCEPTS Archie & Lilibet After 4 Years—He BREAKS DOWN As
20260911 royalist/[English (auto-generated)] William GRANTS Carole Middleton What Camilla's Family Was Never Given! Ca
20260911 royalist/[English (auto-generated)] ‘Marxist Meghan’s’ list of demands for her kids’ school exposed [DownSub
20260911 royalist/[English (auto-generated)] “Stop Destroying My Mom’s Legacy” Princess Anne Banned Camilla from Weari
20260911 royalist/[English (auto-generated)] “YOU CAN’T ORDER ME!” Anne REFUSES Camilla’s Demand In Front Of The Entir
20260915/[English (auto-generated)] 1 MIN AGO Charles REJECTS Windsor Dinner After Noticing Harry's Former La
20260915/[English (auto-generated)] 1 MINUTE AGO Harry’s Chief Of Staff QUIT Overnight And The Truth Is Far D
20260915/[English (auto-generated)] 17 Times Meghan Markle Got CAUGHT Lying On Live TV — The Receipts Don't L
20260915/[English (auto-generated)] 2 MIN AGO Camilla DEVASTATED After Archivists Confirm Elizabeth Ordered H
20260915/[English (auto-generated)] 3 MIN AGO Sophie Wessex REJECTS Camilla’s New Royal Order During Family L
20260915/[English (auto-generated)] BREAKING NEWS ! SEPT 14 — PRINCE HARRY MAKES SHOCKING STATEMENT ! PRINCE
20260915/[English (auto-generated)] BREAKING NEWS 'RAGING KING NOT TAKING HARRY'S CALLS' ROYAL MELTDOWN LEAKE
20260915/[English (auto-generated)] BREAKING NEWS HARRY SAYS SOMETHING SHOCKING! BRITAIN OUTRAGED! #Harry #Ki
20260915/[English (auto-generated)] HARRY Blamed WILLIAM For Everything—Until He Discovered What ANNE Had Don
20260915/[English (auto-generated)] Harry HUMILIATED After Buckingham Palace Calls Out His LIES [DownSub.com]
20260915/[English (auto-generated)] Meghan & Harry BRUTALLY MOCKED By SNL Over UK Return — Meghan Tries To GA
20260915/[English (auto-generated)] Meghan & Harry FLEEING Back To America After king Charles DESTROY Their U
20260915/[English (auto-generated)] Meghan & Harry GO INTO PANIC After Britain Rejects The Kids' Comeback —An
20260915/[English (auto-generated)] Meghan & Harry RUSH Back To USA — Their UK Return Was COMPLETELY DESTROYE
20260915/[English (auto-generated)] Meghan & Harry’s SECRET UK TV Series EXPOSED — They Declare ROYAL WAR Wit
20260915/[English (auto-generated)] Meghan ABANDONS Harry As Invictus IMPLODES — She’s SPOTTED ALONE At Soho
20260915/[English (auto-generated)] Meghan FIRES BACK After SNL HUMILIATION — Her PERFECT FAMILY Video BACKFI
20260915/[English (auto-generated)] Meghan HUMILIATED as Diana Gala Organizers SHUT HER OUT Over Leaked Deman
20260915/[English (auto-generated)] Palace Security Detail Refuses Harry's Entry Inside Palace And Truth Is F
20260915/[English (auto-generated)] Princess ANNE Exposed The California Trap The Secret Dossier That Ended H
20260915/[English (auto-generated)] Princess Anne Issues Ultimatum Demanding King Charles Cut Off All Privile
20260915/[English (auto-generated)] Princess Olga Has Just Revealed The Dossier That ANNE Placed On CHARLES's
20260915/[English (auto-generated)] Uganda Quits Invictus Games After Harry's Nonsense to King Charles [DownS
20260915/[English (auto-generated)] ULTIMATE BETRAYAL Prince Harry's horribly stupid decision to cross Prince
20260915/[English (auto-generated)] WILLIAM and EDWARD Deliver CHARLES's Final Warning to HARRY. It Concerns
20260915/[English (auto-generated)] WILLIAM and EDWARD Deliver QUEEN ELIZABETH's Final Warning to CHARLES. It
20260915/[English (auto-generated)] WILLIAM Confiscated HARRY’s Phone at Chapel — HARRY’s Humiliation on ELIZ
20260916/[Spanish (auto-generated)] Carlos PIERDE EL CONTROL después de que Camilla INSULTARA PÚBLICAMENTE a
20260916/[Spanish (auto-generated)] La carta que cambia todo Harry pierde su lugar en Londres [DownSub.com]
20260916/[Spanish (auto-generated)] MEGHAN MARKLE SACADA POR PRINCIPE WILLIAM [DownSub.com]
20260916/[Spanish (auto-generated)] MEGHAN MARKLE Y HARRY CUSTODIA DE LOS HIJOS [DownSub.com]
20260916/[Spanish (auto-generated)] Tom Bower suelta la bomba ¡Harry arrastra a Meghan a su peor pesadilla en
20260916/[Spanish (auto-generated)] Trump se lanza contra príncipe Harry y Meghan Markle Yo no los habría ace
20260916/[Spanish (auto-generated)] ¡Catherine ENFURECE! La hija de Camilla ARREMETE contra la princesa Anne
20260916/[Spanish (auto-generated)] ¡Lady C revela! Meghan pierde su atractivo y títulos reales mientras se a
20260916/[Spanish (auto-generated)] ¡Se acabó! ¡Carlos anuncia su divorcio de Camilla tras una traición impac
20260916/[Spanish (auto-generated)] ¡William QUITA el título real de la nieta de Camilla para proteger a Char
20260916/[Spanish (auto-generated)] 👑 ¡William y Kate sacuden al mundo! 👑 Coronación sorpresa ¡Son los NUEVOS
20260916/[Spanish (auto-generated)] 🚨 ¡Golpe a Camila! 🚨 El tribunal le quita la herencia Carlos furioso [Dow
20260916/20260916 1 Carlos PIERDE EL CONTROL después de que Camilla INSULTARA PÚBLICAMENTE a
20260916/20260916 10 ¡William QUITA el título real de la nieta de Camilla para proteger a Char
20260916/20260916 11 👑 ¡William y Kate sacuden al mundo! 👑 Coronación sorpresa ¡Son los NUEVOS
20260916/20260916 12 🚨 ¡Golpe a Camila! 🚨 El tribunal le quita la herencia Carlos furioso
20260916/20260916 2 La carta que cambia todo Harry pierde su lugar en Londres
20260916/20260916 3 MEGHAN MARKLE SACADA POR PRINCIPE WILLIAM
20260916/20260916 4 MEGHAN MARKLE Y HARRY CUSTODIA DE LOS HIJOS
20260916/20260916 5 Tom Bower suelta la bomba ¡Harry arrastra a Meghan a su peor pesadilla en
20260916/20260916 6 Trump se lanza contra príncipe Harry y Meghan Markle Yo no los habría ace
20260916/20260916 7 ¡Catherine ENFURECE! La hija de Camilla ARREMETE contra la princesa Anne
20260916/20260916 8 ¡Lady C revela! Meghan pierde su atractivo y títulos reales mientras se a
20260916/20260916 9 ¡Se acabó! ¡Carlos anuncia su divorcio de Camilla tras una traición impac
20260918/20260918 1 'HARRY IS PLANNING FAR WORSE...' PRINCE HARRY'S SHOCK PLAN LEAKED  [DownloadYoutubeSubtitles.com]
20260918/20260918 10 'TASTE OF THEIR OWN MEDICINE!' Prince Harry & Meghan HURT by King's statement   Palace Confidential
20260918/20260918 11 BREAKING NEWS 'RAGING KING NOT TAKING HARRY'S CALLS' ROYAL MELTDOWN LEAKED  [DownloadYoutubeSubtitles
20260918/20260918 12 BREAKING NEWS ‘HE’S RAGING!’ FURIOUS PRINCE HARRY BLASTS KING’S LETTER [DownSub.com]
20260918/20260918 13 CHARLES Firmly Rejects Harry's Demands; Buckingham Just Declared ARCHIE & LILIBETH Private Citizens 
20260918/20260918 14 CHARLES Refuses to Confirm LILIBET’s Lineage; HARRY Criticizes Him for Never Verifying HER’s Birth [
20260918/20260918 15 CHARLES Shuns HARRY On ELIZABETH's Death Anniversary! HARRY Flees As Failed Attempt to Force WILLIAM 
20260918/20260918 16 Charles Spencer CONFIRMS Diana's SHOCKING Letter! Harry LEFT DEVASTATED As Truth Ruins His Birthday!
20260918/20260918 17 Harry & Meghan's Attack On King Charles BACKFIRES — Now They Are ERASED From The Royal Family!  [Down
20260918/20260918 18 Harry and Meghan's Dangerous Game Exposed   The Royalist Podcast [DownSub.com]
20260918/20260918 19 King Charles Issues Unprecedented Letter on Harry and Meghan’s Royal Status, w Rob Shuter  [DownloadY
20260918/20260918 2 'HE'S COMPLETELY LOSING IT...' PRINCE HARRY CONSIDERS LEGAL ACTION AGAINST KING  [DownloadYoutubeSubt
20260918/20260918 20 King Charles REJECTS Prince Harry & Meghan Markle in explosive leaked letter NEVER BE ROYAL!   [Downl
20260918/20260918 21 King Charles SHUTS DOWN Sussex Comeback  Harry & Meghan Get a Brutal Reality Check [DownSub.com]
20260918/20260918 22 Lady C EXPOSES Shocking Secret Why Meghan RUSHED Back To USA Overnight Leaving Children Behind! [Dow
20260918/20260918 23 Meghan & Harry BRUTALLY MOCKED By SNL Over UK Return — Meghan Tries To GATECRASH Diana Awards  [Downl
20260918/20260918 24 Meghan & Harry MOVING BACK To USA — Their UK Return Turned Into a NIGHTMARE Overnight  [DownloadYoutu
20260918/20260918 25 Meghan FIRES BACK After SNL HUMILIATION — Her PERFECT FAMILY Video BACKFIRES [DownSub.com]
20260918/20260918 26 MEGHAN FLEES TO LA! Secret Jet Escape To Kill Surrogacy Story As UK Return Turns Into A NIGHTMARE! [
20260918/20260918 27 Meghan LOSES IT As The High Court ORDERS A DNA Audit On Archie And Lilibet For Succession  [DownloadY
20260918/20260918 28 Meghan Markle & Prince Harry accused of being THREAT as Archie & Lili AXED from school after 2 DAYS! 
20260918/20260918 29 Meghan Markle Does NOT Want to Return to Britain Prince Harry’s UK Comeback  [DownloadYoutubeSubtitle
20260918/20260918 3 'MY ROYAL SOURCE LEAKED THAT HARRY WILL..'  SHOCK NEW PLAN REVEALED [DownSub.com]
20260918/20260918 30 Meghan Markle WhatsApp messages LEAKED by Oxford school mums in Catherine's revenge THEY HATE HER”  [
20260918/20260918 31 MINI NERVE Prince Harry & Meghan Markle's Royal Rejection w Lady Colin Campbell  [DownloadYoutubeSubt
20260918/20260918 32 Piers Morgan REVEALS The Real Reason William PERMANENTLY Closed The Door On Harry [DownSub.com]
20260918/20260918 33 Prince Harry & Meghan Markle forced into UK return, says Donald Trump pal YOU'RE GOING BACK HOME!   [
20260918/20260918 34 Prince Harry & Meghan Markle FURIOUS After King Charles Draws the Line Prince George Starts Eton  [Do
20260918/20260918 35 Prince Harry & Meghan Markle's security fraud using Archie & Lili rumbled FAKE CAR CHASE PART 2!   [D
20260918/20260918 36 Prince Harry CONVINCED Royal Family NEEDS Him  Comedians Lampoon Meghan Markle’s UK Return [DownSub
20260918/20260918 37 Prince Harry EXPOSED for conspiring with Earl Spencer on book attacking King Charles HE KNEW! [DownS
20260918/20260918 38 Prince Harry HITS BACK at King Charles After Latest Blow Prince William Gets to Work  [DownloadYoutub
20260918/20260918 39 Prince Harry Spotted In UK For FIRST TIME King SUSPENDS Sussex HRH Titles George Starts School  [Down
20260918/20260918 4 'MY ROYAL SOURCE REVEALS THAT HE'S...' SHOCK PRINCE HARRY MOTIVE EXPOSED  [DownloadYoutubeSubtitles.c
20260918/20260918 40 Prince William REACTS To Harry DIVORCING Meghan! King Charles SHATTERED As Palace CONFIRMS The News!
20260918/20260918 41 Princess Anne Destroys Harry’s Secret UK School Plot  [DownloadYoutubeSubtitles.com]
20260918/20260918 42 Princess Beatrice & Edoardo Make a SHOCKING Move — For Their Children [DownSub.com]
20260918/20260918 43 Princess Olga Has Just Revealed The Dossier That ANNE Placed On CHARLES's Desk. MEGHAN's Reaction! [
20260918/20260918 44 Princess reveals Prince Harry & Meghan Markle break up plot as Tom Bower speaks out THEY'LL SPLIT   [
20260918/20260918 45 ROYAL CRISIS Bombshell book causes King Charles turmoil as Diana brother sides with Prince Harry  [Do
20260918/20260918 46 SHOCKING CRISIS! Harry and Meghan’s Secret New Project REVEALED What Just Happened   [DownloadYoutube
20260918/20260918 47 SNL HUMILIATES Meghan Markle On Live TV Over Her FAILED UK Return — She PANICS  [DownloadYoutubeSubti
20260918/20260918 48 SURVIVING Prince Harry Court Victory & the TRUTH About Harry & Meghan’s UK Return  [DownloadYoutubeSu
20260918/20260918 49 THIS IS WAR! Prince Harry & Meghan Markle accuse King Charles of LYING as return to UK is CHAOS  [Dow
20260918/20260918 5 'MY ROYAL SOURCE REVEALS THAT...' KINSEY SCHOFIELD EXPOSES PRINCE HARRY'S SHOCK PLAN  [DownloadYoutub
20260918/20260918 50 Tom Bower EXPOSES The SECRET That Made King Charles FINALLY REJECT Harry  [DownloadYoutubeSubtitles.c
20260918/20260918 51 Tom Bower EXPOSES Why Harry Secretly Moved His Children To The UK Before Meghan Stops The Divorce [D
20260918/20260918 52 ULTIMATE BETRAYAL Prince Harry's horribly stupid decision to cross Prince William for cash [DownSub
20260918/20260918 53 Was Prince Harry & Meghan Markle's Return to the UK the Biggest Mistake of Their Lives [DownSub.com]
20260918/20260918 54 Why Harry and Meghan have pulled their children out of UK school after just two days [DownSub.com]
20260918/20260918 55 WILLIAM and EDWARD Deliver CHARLES's Final Warning to HARRY. It Concerns GEORGE.  [DownloadYoutubeSub
20260918/20260918 56 WILLIAM Shuns HARRY On DIANA's Death Anniversary! HARRY Flees After Failed Attempt to Force WILLIAM 
20260918/20260918 57 “ENTITLED” Palace Insider STUNNED by Harry & Meghan Queen’s Former Press Secretary BLASTS Sussexes  [
20260918/20260918 6 'MY SOURCES LEAKED HIS TRUE MOTIVE...' HARRY EXPOSED BY ROYAL INSIDER  [DownloadYoutubeSubtitles.com]
20260918/20260918 7 'Private Citizens' Harry And Meghan LOSE Everything As The King Puts It In Writing [DownSub.com]
20260918/20260918 8 'ROYAL INSIDERS TOLD ME...' REAL TRUTH BEHIND HARRY & KING CHARLES FIGHT LEAKED  [DownloadYoutubeSubt
20260918/20260918 9 'SPITTING BLOOD!' Prince Harry STILL wants an APOLOGY from the Royal Family  Palace Confidential [Do
20260918/20260918 13 CHARLES Firmly Rejects Harry's Demands; Buckingham Just Declared ARCHIE & LILIBETH Private Citizens 
20260918/20260918 15 CHARLES Shuns HARRY On ELIZABETH's Death Anniversary! HARRY Flees As Failed Attempt to Force WILLIAM 
20260918/20260918 28 Meghan Markle & Prince Harry accused of being THREAT as Archie & Lili AXED from school after 2 DAYS! 
20260918/20260918 56 WILLIAM Shuns HARRY On DIANA's Death Anniversary! HARRY Flees After Failed Attempt to Force WILLIAM 
20260928 Noble Royal News/20260928 1 1 MIN AGO Palace Confirms Tragic Royal News About Royal Family [p8ucrDMU8Ew]
20260928 Noble Royal News/20260928 11 King CHARLES Hands WILLIAM Full Authority Over HARRY's Fate! [-wOhY0m2JQQ]
20260928 Noble Royal News/20260928 12 Meghan JUST GOT CAUGHT In America After Harry’s Solo Invictus Gala... [k1ffJrcqbok]
20260928 Noble Royal News/20260928 16 Prince WILLIAM Gives ANNE Final Authority Over MEGHAN’s Palace Future! [tcLkse5cOmw]
20260928 Noble Royal News/20260928 17 PRINCESS ANNE Made The Worst Decision For MEGHAN. [wzqh-TvXByI]
20260928 Noble Royal News/20260928 2 3 MIN AGO Piers Morgan LEAKED The Whole Secrets Behind Harry's Mistress [zhc4x9fj6yQ]
20260928 Noble Royal News/20260928 3 ANNE Just Shut The Door On HARRY FOREVER Over Prince GEORGE’s Eton Crisis! [JuTdl-gD210]
20260918/20260918 13 CHARLES Firmly Rejects Harry's Demands; Buckingham Just Declared ARCHIE & LILIBETH Private Citizens 
20260918/20260918 15 CHARLES Shuns HARRY On ELIZABETH's Death Anniversary! HARRY Flees As Failed Attempt to Force WILLIAM 
20260918/20260918 28 Meghan Markle & Prince Harry accused of being THREAT as Archie & Lili AXED from school after 2 DAYS! 
20260918/20260918 56 WILLIAM Shuns HARRY On DIANA's Death Anniversary! HARRY Flees After Failed Attempt to Force WILLIAM 
20260918/20260918 13 CHARLES Firmly Rejects Harry's Demands; Buckingham Just Declared ARCHIE & LILIBETH Private Citizens 
20260918/20260918 15 CHARLES Shuns HARRY On ELIZABETH's Death Anniversary! HARRY Flees As Failed Attempt to Force WILLIAM 
20260918/20260918 28 Meghan Markle & Prince Harry accused of being THREAT as Archie & Lili AXED from school after 2 DAYS! 
20260918/20260918 56 WILLIAM Shuns HARRY On DIANA's Death Anniversary! HARRY Flees After Failed Attempt to Force WILLIAM 
20260928 Noble Royal News/20260928 10 KING CHARLES BREAKS SILENCE On ARCHIE [p211cUWbb44]
20260928 Noble Royal News/20260928 13 Meghan Markle FLEES UK Without Kids After Prince Harry! [W4wYjXL0nT4]
20260928 Noble Royal News/20260928 14 Prince Harry STORMS OFF The Dorian TV Awards After [QWrXcbiWveE]
20260928 Noble Royal News/20260928 15 Prince WILLIAM & CHARLES DROP BOMBSHELL! [FkGPkcQEbU8]
20260928 Noble Royal News/20260928 18 WILLIAM BANS CHARLES SPENCER From Royal Events Permanently  [uM9D7mYQvsQ]
20260928 Noble Royal News/20260928 19 William refuses to confirm Lilibet's lineage after secret memo on . [MI4g80O5RdI]
20260928 Noble Royal News/20260928 20 “NO MORE JETS, NO MORE MONEY!” Elton BLOCKS Harry After UK Return [NdE-qzL4sEY]
20260928 Noble Royal News/20260928 4 BREAKING NEWS! PRINCESS ANNE REVEALS THE TRUTH ABOUT ARCHIE & LILIBET!
20260928 Noble Royal News/20260928 5 BREAKING! Prince William STEPS IN as King Charles Is RUSHED to Hospital [JHPNpdPAelQ]
20260928 Noble Royal News/20260928 6 Catherine Just Shut The Door On Harry FOREVER Over [2H1U44HpLyQ]
20260928 Noble Royal News/20260928 7 Draw The Line With HARRY Or I Will Inside Princess Anne [mWMaojqT4ag]
20260928 Noble Royal News/20260928 8 French Firefighter Who Tried to Save Diana FINALLY [qqgPE81ulZ8]
20260928 Noble Royal News/20260928 9 HE IS A PRINCE OF THE BLOOD! Anne FIXES Louis’s Stripped! [NlXw3ua7syM]
20260918/20260918 13 CHARLES Firmly Rejects Harry's Demands; Buckingham Just Declared ARCHIE & LILIBETH Private Citizens 
20260918/20260918 15 CHARLES Shuns HARRY On ELIZABETH's Death Anniversary! HARRY Flees As Failed Attempt to Force WILLIAM 
20260918/20260918 28 Meghan Markle & Prince Harry accused of being THREAT as Archie & Lili AXED from school after 2 DAYS! 
20260918/20260918 56 WILLIAM Shuns HARRY On DIANA's Death Anniversary! HARRY Flees After Failed Attempt to Force WILLIAM 
20260930 spanish/20260930 1 ANNE BYPASSES King CHARLES To Back WILLIAM. This FINALLY Draws The [HYClv63zccY]
20260930 spanish/20260930 10 HARRY Backtracks on the Sandringham Agreement I Signed with Queen Elizabeth [KWE_4aCyjPM]
20260930 spanish/20260930 11 HARRY Devastated On 42nd Birthday. Charles Spencer’s Shocking Confirmation. [Sd5EHDtM-iQ]
20260930 spanish/20260930 12 HARRY's Brazen Statement Is ANNE's Limit. She has bluntly declared. [qRdMIV1xc7U]
20260930 spanish/20260930 13 Humiliated In Cotswolds! British Headmasters Refuse to Let] [vBLnDzed3M4]
20260930 spanish/20260930 14 KING CHARLES BREAKS SILENCE On ARCHIE & LILIBET! [p211cUWbb44]
20260930 spanish/20260930 15 King CHARLES Hands WILLIAM Full Authority Over HARRY's Fate! [-wOhY0m2JQQ]
20260930 spanish/20260930 16 NO MORE JETS, NO MORE MONEY! WILLIAM BLOCKS HARRY After [_7rG7ICUtt0]
20260930 spanish/20260930 17 Prince WILLIAM & CHARLES DROP BOMBSHELL NEW Title Rule! [FkGPkcQEbU8]
20260930 spanish/20260930 18 Princess ANNE Exposed The California Trap The Secret Dossier That Ended HARRY [-BpncD-VgT4]
20260930 spanish/20260930 19 Princess ANNE JOINS Forces With WILLIAM To AVENGE DIANA! CAMILLA! [86XVJVIfe2w]
20260930 spanish/20260930 2 ANNE Just Shut The Door On HARRY FOREVER Over Prince GEORGE’s Eton Crisis! [JuTdl-gD210]
20260930 spanish/20260930 20 Sophie Breaks Silence! Meghan's Flirtation With William DESTROYED! [npjgBl5ySls]
20260930 spanish/20260930 21 WILLIAM and EDWARD Deliver QUEEN ELIZABETH's Final. [YJKjIPt3gl0]
20260930 spanish/20260930 22 WILLIAM Ascends The Throne, There Is No Room For HARRY – The Outcome Is Sealed [HDGs1_C9Whk]
20260930 spanish/20260930 23 WILLIAM Banishes CHARLES SPENCER From The Palace Heated Clash Over the DIANA Book! [bsRaOIfpbtc]
20260930 spanish/20260930 24 WILLIAM BANS CHARLES SPENCER From Royal Events Permanently [uM9D7mYQvsQ]
20260930 spanish/20260930 25 WILLIAM EXPOSES MEGHAN MARKLE Fabricated Security Threats To Blackmail! [pUw125fvH8w]
20260930 spanish/20260930 26 William refuses to confirm Lilibet's lineage after secret memo on. [MI4g80O5RdI]
20260930 spanish/20260930 3 BREAKING NEWS ! KING CHARLES ACTS! AN UNPRECEDENTED DECISION FOR [2qF-BuH6ETs]
20260930 spanish/20260930 4 Catherine Just Shut The Door On Harry FOREVER Over Prince George’s Eton Crisis! [2H1U44HpLyQ]
20260930 spanish/20260930 5 CATHERINE stunned CAMILLA At The State Banquet By  [ux6qQGzzy3E]
20260930 spanish/20260930 6 CHARLE Issues A Ban On HARRY ARCHIE& LILIBET Ousted From School After King  [pf85S9k8I4A]
20260930 spanish/20260930 7 CHARLES Admits To Unilaterally Altering DIANA's Will for HARRY; MEGHAN  [_vQEEhu6VKQ]
20260930 spanish/20260930 8 CHARLES Owe It to William, Not HARRY! PRINCESS ANNE Exposes ! [Y0yufZ-aZ-w]
20260930 spanish/20260930 9 Draw The Line With HARRY Or I Will Inside Princess Anne’s  [mWMaojqT4ag]
